year,state,deaths,population
1999,Alabama,10,4430141
1999,Arizona,,5023823
1999,Arkansas,,2651860
1999,California,43,33499204
1999,Colorado,,4226018
1999,Connecticut,,3386401
1999,Delaware,,774990
1999,District of Columbia,,570213
1999,Florida,35,15759421
1999,Georgia,26,8045965
1999,Hawaii,,1210300
1999,Idaho,,1275674
1999,Illinois,18,12359020
1999,Indiana,,6044969
1999,Iowa,,2917634
1999,Kansas,,2678338
1999,Kentucky,,4018053
1999,Louisiana,,4460811
1999,Maryland,,5254509
1999,Massachusetts,,6317345
1999,Michigan,11,9897116
1999,Minnesota,,4873481
1999,Mississippi,,2828408
1999,Missouri,,5561948
1999,Nebraska,,1704764
1999,Nevada,,1934718
1999,New Hampshire,,1222014
1999,New Jersey,,8359592
1999,New Mexico,,1808082
1999,New York,37,18882725
1999,North Carolina,15,7949361
1999,Ohio,17,11335454
1999,Oklahoma,,3437147
1999,Oregon,,3393941
1999,Pennsylvania,13,12263805
1999,Rhode Island,,1040402
1999,South Carolina,10,3974682
1999,Tennessee,12,5638706
1999,Texas,34,20558220
1999,Utah,,2203482
1999,Vermont,,604683
1999,Virginia,12,7000174
1999,Washington,,5842564
1999,West Virginia,,1811799
1999,Wisconsin,,5332666
2000,Alabama,,4447100
2000,Alaska,,626932
2000,Arizona,,5130632
2000,Arkansas,,2673400
2000,California,56,33871648
2000,Colorado,,4301261
2000,Connecticut,,3405565
2000,Delaware,,783600
2000,District of Columbia,,572059
2000,Florida,29,15982378
2000,Georgia,21,8186453
2000,Idaho,,1293953
2000,Illinois,19,12419293
2000,Indiana,,6080485
2000,Iowa,,2926324
2000,Kansas,,2688418
2000,Kentucky,,4041769
2000,Louisiana,,4468976
2000,Maine,,1274923
2000,Maryland,15,5296486
2000,Massachusetts,,6349097
2000,Michigan,,9938444
2000,Minnesota,,4919479
2000,Mississippi,,2844658
2000,Missouri,,5595211
2000,Montana,,902195
2000,Nebraska,,1711263
2000,Nevada,,1998257
2000,New Hampshire,,1235786
2000,New Jersey,12,8414350
2000,New Mexico,,1819046
2000,New York,23,18976457
2000,North Carolina,14,8049313
2000,North Dakota,,642200
2000,Ohio,19,11353140
2000,Oklahoma,,3450654
2000,Oregon,,3421399
2000,Pennsylvania,,12281054
2000,Rhode Island,,1048319
2000,South Carolina,,4012012
2000,Tennessee,,5689283
2000,Texas,30,20851820
2000,Utah,,2233169
2000,Virginia,10,7078515
2000,Washington,,5894121
2000,West Virginia,,1808344
2000,Wisconsin,,5363675
2000,Wyoming,,493782
2001,Alabama,,4467634
2001,Arizona,,5273477
2001,Arkansas,,2691571
2001,California,46,34479458
2001,Colorado,,4425687
2001,Connecticut,,3432835
2001,Delaware,,795699
2001,District of Columbia,,574504
2001,Florida,21,16356966
2001,Georgia,40,8377038
2001,Hawaii,,1225948
2001,Illinois,21,12488445
2001,Iowa,,2931997
2001,Kansas,,2702162
2001,Kentucky,,4068132
2001,Louisiana,10,4477875
2001,Maryland,12,5374691
2001,Massachusetts,,6397634
2001,Michigan,,9991120
2001,Minnesota,,4982796
2001,Mississippi,12,2852994
2001,Missouri,10,5641142
2001,Montana,,906961
2001,Nebraska,,1719836
2001,Nevada,,2098399
2001,New Hampshire,,1255517
2001,New Jersey,10,8492671
2001,New Mexico,,1831690
2001,New York,41,19082838
2001,North Carolina,,8210122
2001,North Dakota,,639062
2001,Ohio,,11387404
2001,Oklahoma,,3467100
2001,Oregon,,3467937
2001,Pennsylvania,12,12298970
2001,South Carolina,,4064995
2001,South Dakota,,757972
2001,Tennessee,11,5750789
2001,Texas,41,21319622
2001,Utah,,2283715
2001,Virginia,,7198362
2001,Washington,,5985722
2001,West Virginia,,1801481
2001,Wisconsin,,5406835
2002,Alabama,,4480089
2002,Alaska,,642337
2002,Arizona,,5396255
2002,Arkansas,,2705927
2002,California,56,34871843
2002,Colorado,,4490406
2002,Connecticut,,3458749
2002,Florida,23,16689370
2002,Georgia,25,8508256
2002,Hawaii,,1239613
2002,Illinois,12,12525556
2002,Indiana,,6155967
2002,Kansas,,2713535
2002,Kentucky,,4089875
2002,Louisiana,,4497267
2002,Maryland,11,5440389
2002,Massachusetts,,6417206
2002,Michigan,12,10015710
2002,Minnesota,,5018935
2002,Mississippi,,2858681
2002,Missouri,,5674825
2002,Nebraska,,1728292
2002,Nevada,,2173791
2002,New Hampshire,,1269089
2002,New Jersey,,8552643
2002,New Mexico,,1855309
2002,New York,26,19137800
2002,North Carolina,18,8326201
2002,North Dakota,,638168
2002,Ohio,12,11407889
2002,Oklahoma,,3489080
2002,Oregon,,3513424
2002,Pennsylvania,11,12331031
2002,Rhode Island,,1065995
2002,South Carolina,,4107795
2002,Tennessee,10,5795918
2002,Texas,35,21690325
2002,Utah,,2324815
2002,Virginia,,7286873
2002,Washington,,6052349
2002,West Virginia,,1805414
2002,Wisconsin,,5445162
2003,Alabama,,4503491
2003,Arizona,,5510364
2003,Arkansas,,2724816
2003,California,94,35253159
2003,Colorado,10,4528732
2003,Connecticut,,3484336
2003,Delaware,,818003
2003,District of Columbia,,568502
2003,Florida,25,17004085
2003,Georgia,39,8622793
2003,Hawaii,,1251154
2003,Idaho,,1363380
2003,Illinois,13,12556006
2003,Indiana,,6196638
2003,Iowa,,2941999
2003,Kentucky,,4117170
2003,Louisiana,12,4521042
2003,Maryland,20,5496269
2003,Massachusetts,,6422565
2003,Michigan,16,10041152
2003,Minnesota,,5053572
2003,Mississippi,,2868312
2003,Missouri,,5709403
2003,Montana,,919630
2003,Nebraska,,1738643
2003,Nevada,,2248850
2003,New Hampshire,,1279840
2003,New Jersey,10,8601402
2003,New Mexico,,1877574
2003,New York,56,19175939
2003,North Carolina,16,8422501
2003,Ohio,14,11434788
2003,Oklahoma,,3504892
2003,Oregon,,3547376
2003,Pennsylvania,21,12374658
2003,Rhode Island,,1071342
2003,South Carolina,,4150297
2003,Tennessee,,5847812
2003,Texas,60,22030931
2003,Utah,,2360137
2003,Vermont,,617858
2003,Virginia,,7366977
2003,Washington,,6104115
2003,West Virginia,,1812295
2003,Wisconsin,11,5479203
2004,Alabama,,4530729
2004,Alaska,,659286
2004,Arizona,,5652404
2004,Arkansas,,2749686
2004,California,150,35574576
2004,Colorado,,4575013
2004,Connecticut,,3496094
2004,Delaware,,830803
2004,District of Columbia,,567754
2004,Florida,36,17415318
2004,Georgia,17,8769252
2004,Hawaii,,1273569
2004,Idaho,,1391802
2004,Illinois,17,12589773
2004,Indiana,,6233007
2004,Iowa,,2953635
2004,Kansas,,2734373
2004,Kentucky,,4146101
2004,Louisiana,26,4552238
2004,Maryland,17,5546935
2004,Massachusetts,,6412281
2004,Michigan,57,10055315
2004,Mississippi,11,2889010
2004,Missouri,,5747741
2004,Montana,10,930009
2004,Nebraska,,1749370
2004,Nevada,,2346222
2004,New Hampshire,,1290121
2004,New Jersey,40,8634561
2004,New Mexico,,1903808
2004,New York,78,19171567
2004,North Carolina,,8553152
2004,Ohio,,11452251
2004,Oklahoma,15,3525233
2004,Oregon,,3569463
2004,Pennsylvania,14,12410722
2004,South Carolina,,4210921
2004,South Dakota,,770396
2004,Tennessee,,5910809
2004,Texas,48,22394023
2004,Utah,,2401580
2004,Virginia,,7475575
2004,Washington,16,6178645
2004,West Virginia,,1816438
2004,Wisconsin,,5514026
2004,Wyoming,,509106
2005,Alabama,12,4569805
2005,Arizona,,5839077
2005,Arkansas,,2781097
2005,California,119,35827943
2005,Colorado,,4631888
2005,Connecticut,,3506956
2005,Delaware,,845150
2005,District of Columbia,,567136
2005,Florida,59,17842038
2005,Georgia,32,8925922
2005,Hawaii,,1292729
2005,Idaho,,1428241
2005,Illinois,15,12609903
2005,Indiana,,6278616
2005,Iowa,,2964454
2005,Kansas,,2745299
2005,Kentucky,11,4182742
2005,Louisiana,15,4576628
2005,Maryland,19,5592379
2005,Massachusetts,,6403290
2005,Michigan,52,10051137
2005,Minnesota,,5119598
2005,Mississippi,13,2905943
2005,Missouri,15,5790300
2005,Montana,,940102
2005,Nebraska,,1761497
2005,Nevada,,2432143
2005,New Hampshire,,1298492
2005,New Jersey,23,8651974
2005,New Mexico,,1932274
2005,New York,55,19132610
2005,North Carolina,18,8705407
2005,North Dakota,,646089
2005,Ohio,13,11463320
2005,Oklahoma,22,3548597
2005,Oregon,,3613202
2005,Pennsylvania,16,12449990
2005,South Carolina,16,4270150
2005,South Dakota,,775493
2005,Tennessee,,5991057
2005,Texas,70,22778123
2005,Utah,,2457719
2005,Vermont,,621215
2005,Virginia,14,7577105
2005,Washington,14,6257305
2005,West Virginia,,1820492
2005,Wisconsin,17,5546166
2005,Wyoming,,514157
2006,Alabama,10,4628981
2006,Arizona,,6029141
2006,Arkansas,,2821761
2006,California,122,36021202
2006,Colorado,,4720423
2006,Connecticut,,3517460
2006,Delaware,,859268
2006,District of Columbia,,570681
2006,Florida,45,18166990
2006,Georgia,27,9155813
2006,Hawaii,12,1309731
2006,Idaho,,1468669
2006,Illinois,33,12643955
2006,Indiana,,6332669
2006,Iowa,,2982644
2006,Kansas,,2762931
2006,Kentucky,,4219239
2006,Louisiana,,4302665
2006,Maine,,1323619
2006,Maryland,18,5627367
2006,Massachusetts,,6410084
2006,Michigan,30,10036081
2006,Minnesota,,5163555
2006,Mississippi,15,2904978
2006,Missouri,14,5842704
2006,Montana,,952692
2006,Nebraska,,1772693
2006,Nevada,,2522658
2006,New Hampshire,,1308389
2006,New Jersey,32,8661679
2006,New Mexico,,1962137
2006,New York,68,19104631
2006,North Carolina,,8917270
2006,Ohio,13,11481213
2006,Oklahoma,14,3594090
2006,Oregon,,3670883
2006,Pennsylvania,28,12510809
2006,South Carolina,,4357847
2006,South Dakota,,783033
2006,Tennessee,,6088766
2006,Texas,90,23359580
2006,Utah,10,2525507
2006,Virginia,,7673725
2006,Washington,10,6370753
2006,West Virginia,,1827912
2006,Wisconsin,14,5577655
2006,Wyoming,,522667
2007,Alabama,,4672840
2007,Arizona,,6167681
2007,Arkansas,,2848650
2007,California,97,36250311
2007,Colorado,,4803868
2007,Connecticut,,3527270
2007,Delaware,,871749
2007,District of Columbia,,574404
2007,Florida,52,18367842
2007,Georgia,22,9349988
2007,Hawaii,,1315675
2007,Idaho,,1505105
2007,Illinois,34,12695866
2007,Indiana,,6379599
2007,Iowa,,2999212
2007,Kansas,,2783785
2007,Kentucky,13,4256672
2007,Louisiana,12,4375581
2007,Maryland,20,5653408
2007,Massachusetts,,6431559
2007,Michigan,32,10001284
2007,Minnesota,,5207203
2007,Mississippi,11,2928350
2007,Missouri,11,5887612
2007,Montana,,964706
2007,Nebraska,,1783440
2007,Nevada,,2601072
2007,New Hampshire,,1312540
2007,New Jersey,36,8677885
2007,New Mexico,10,1990070
2007,New York,51,19132335
2007,North Carolina,17,9118037
2007,North Dakota,,652822
2007,Ohio,31,11500468
2007,Oklahoma,13,3634349
2007,Oregon,10,3722417
2007,Pennsylvania,40,12563937
2007,Rhode Island,,1057315
2007,South Carolina,20,4444110
2007,South Dakota,,791623
2007,Tennessee,,6175727
2007,Texas,80,23831983
2007,Utah,11,2597746
2007,Virginia,15,7751000
2007,Washington,13,6461587
2007,West Virginia,,1834052
2007,Wisconsin,15,5610775
2007,Wyoming,,534876
2008,Alabama,,4718206
2008,Arizona,11,6280362
2008,Arkansas,24,2874554
2008,California,102,36604337
2008,Colorado,,4889730
2008,Connecticut,,3545579
2008,Delaware,,883874
2008,District of Columbia,,580236
2008,Florida,36,18527305
2008,Georgia,23,9504843
2008,Hawaii,,1332213
2008,Idaho,,1534320
2008,Illinois,31,12747038
2008,Indiana,14,6424806
2008,Iowa,,3016734
2008,Kansas,13,2808076
2008,Kentucky,12,4289878
2008,Louisiana,,4435586
2008,Maryland,19,5684965
2008,Massachusetts,,6468967
2008,Michigan,30,9946889
2008,Minnesota,,5247018
2008,Mississippi,14,2947806
2008,Missouri,16,5923916
2008,Montana,,976415
2008,Nebraska,,1796378
2008,Nevada,,2653630
2008,New Hampshire,,1315906
2008,New Jersey,28,8711090
2008,New Mexico,13,2010662
2008,New York,73,19212436
2008,North Carolina,13,9309449
2008,North Dakota,,657569
2008,Ohio,27,11515391
2008,Oklahoma,15,3668976
2008,Oregon,,3768748
2008,Pennsylvania,28,12612285
2008,Rhode Island,,1055003
2008,South Carolina,26,4528996
2008,South Dakota,,799124
2008,Tennessee,11,6247411
2008,Texas,96,24309039
2008,Utah,,2663029
2008,Vermont,,624151
2008,Virginia,,7833496
2008,Washington,12,6562231
2008,West Virginia,,1840310
2008,Wisconsin,,5640996
2008,Wyoming,,546043
2009,Alabama,,4757938
2009,Alaska,,698895
2009,Arizona,,6343154
2009,Arkansas,20,2896843
2009,California,107,36961229
2009,Colorado,,4972195
2009,Connecticut,,3561807
2009,Delaware,,891730
2009,District of Columbia,,592228
2009,Florida,71,18652644
2009,Georgia,36,9620846
2009,Hawaii,,1346717
2009,Idaho,,1554439
2009,Illinois,35,12796778
2009,Indiana,16,6459325
2009,Iowa,,3032870
2009,Kansas,13,2832704
2009,Kentucky,,4317074
2009,Louisiana,,4491648
2009,Maine,,1329590
2009,Maryland,18,5730388
2009,Massachusetts,,6517613
2009,Michigan,34,9901591
2009,Minnesota,11,5281203
2009,Mississippi,14,2958774
2009,Missouri,18,5961088
2009,Montana,,983982
2009,Nebraska,,1812683
2009,Nevada,,2684665
2009,New Hampshire,,1316102
2009,New Jersey,37,8755602
2009,New Mexico,,2036802
2009,New York,70,19307066
2009,North Carolina,21,9449566
2009,North Dakota,,664968
2009,Ohio,57,11528896
2009,Oklahoma,28,3717572
2009,Oregon,,3808600
2009,Pennsylvania,39,12666858
2009,Rhode Island,,1053646
2009,South Carolina,23,4589872
2009,South Dakota,,807067
2009,Tennessee,10,6306019
2009,Texas,127,24801761
2009,Utah,,2723421
2009,Vermont,,624817
2009,Virginia,11,7925937
2009,Washington,12,6667426
2009,West Virginia,,1847775
2009,Wisconsin,13,5669264
2009,Wyoming,,559851
2010,Alabama,,4779736
2010,Alaska,,710231
2010,Arizona,17,6392017
2010,Arkansas,13,2915918
2010,California,82,37253956
2010,Colorado,,5029196
2010,Connecticut,,3574097
2010,Delaware,,897934
2010,District of Columbia,,601723
2010,Florida,47,18801310
2010,Georgia,38,9687653
2010,Hawaii,,1360301
2010,Idaho,10,1567582
2010,Illinois,29,12830632
2010,Indiana,14,6483802
2010,Iowa,,3046355
2010,Kansas,11,2853118
2010,Kentucky,17,4339367
2010,Louisiana,,4533372
2010,Maryland,26,5773552
2010,Massachusetts,,6547629
2010,Michigan,47,9883640
2010,Minnesota,,5303925
2010,Mississippi,12,2967297
2010,Missouri,12,5988927
2010,Montana,,989415
2010,Nebraska,,1826341
2010,Nevada,,2700551
2010,New Hampshire,,1316470
2010,New Jersey,30,8791894
2010,New Mexico,,2059179
2010,New York,67,19378102
2010,North Carolina,10,9535483
2010,North Dakota,,672591
2010,Ohio,40,11536504
2010,Oklahoma,20,3751351
2010,Oregon,,3831074
2010,Pennsylvania,34,12702379
2010,Rhode Island,,1052567
2010,South Carolina,18,4625364
2010,South Dakota,,814180
2010,Tennessee,,6346105
2010,Texas,101,25145561
2010,Utah,,2763885
2010,Vermont,,625741
2010,Virginia,,8001024
2010,Washington,11,6724540
2010,West Virginia,,1852994
2010,Wisconsin,12,5686986
2010,Wyoming,,563626
2011,Alabama,,4802740
2011,Alaska,,722718
2011,Arizona,15,6482505
2011,Arkansas,10,2937979
2011,California,71,37691912
2011,Colorado,,5116796
2011,Connecticut,14,3580709
2011,Delaware,,907135
2011,District of Columbia,,617996
2011,Florida,50,19057542
2011,Georgia,48,9815210
2011,Hawaii,,1374810
2011,Idaho,,1584985
2011,Illinois,45,12869257
2011,Indiana,43,6516922
2011,Iowa,,3062309
2011,Kansas,,2871238
2011,Kentucky,11,4369356
2011,Louisiana,,4574836
2011,Maine,,1328188
2011,Maryland,24,5828289
2011,Massachusetts,,6587536
2011,Michigan,33,9876187
2011,Minnesota,13,5344861
2011,Mississippi,18,2978512
2011,Missouri,17,6010688
2011,Montana,,998199
2011,Nebraska,,1842641
2011,Nevada,,2723322
2011,New Hampshire,,1318194
2011,New Jersey,48,8821155
2011,New Mexico,12,2082224
2011,New York,64,19465197
2011,North Carolina,11,9656401
2011,North Dakota,,683932
2011,Ohio,35,11544951
2011,Oklahoma,20,3791508
2011,Oregon,10,3871859
2011,Pennsylvania,23,12742886
2011,Rhode Island,,1051302
2011,South Carolina,19,4679230
2011,South Dakota,,824082
2011,Tennessee,,6403353
2011,Texas,131,25674681
2011,Utah,,2817222
2011,Vermont,,626431
2011,Virginia,18,8096604
2011,Washington,14,6830038
2011,West Virginia,,1855364
2011,Wisconsin,15,5711767
2011,Wyoming,,568158
2012,Alabama,,4822023
2012,Arizona,25,6553255
2012,Arkansas,18,2949131
2012,California,81,38041430
2012,Colorado,,5187582
2012,Connecticut,,3590347
2012,Delaware,,917092
2012,District of Columbia,,632323
2012,Florida,64,19317568
2012,Georgia,40,9919945
2012,Hawaii,,1392313
2012,Idaho,,1595728
2012,Illinois,35,12875255
2012,Indiana,36,6537334
2012,Iowa,,3074186
2012,Kansas,,2885905
2012,Kentucky,,4380415
2012,Louisiana,28,4601893
2012,Maine,,1329192
2012,Maryland,20,5884563
2012,Massachusetts,,6646144
2012,Michigan,29,9883360
2012,Minnesota,15,5379139
2012,Mississippi,15,2984926
2012,Missouri,34,6021988
2012,Montana,,1005141
2012,Nebraska,,1855525
2012,Nevada,,2758931
2012,New Hampshire,,1320718
2012,New Jersey,36,8864590
2012,New Mexico,,2085538
2012,New York,58,19570261
2012,North Carolina,10,9752073
2012,North Dakota,,699628
2012,Ohio,39,11544225
2012,Oklahoma,15,3814820
2012,Oregon,,3899353
2012,Pennsylvania,30,12763536
2012,Rhode Island,,1050292
2012,South Carolina,16,4723723
2012,South Dakota,,833354
2012,Tennessee,40,6456243
2012,Texas,159,26059203
2012,Utah,,2855287
2012,Virginia,14,8185867
2012,Washington,17,6897012
2012,West Virginia,,1855413
2012,Wisconsin,,5726398
2012,Wyoming,,576412
2013,Alabama,,4833722
2013,Alaska,,735132
2013,Arizona,23,6626624
2013,Arkansas,15,2959373
2013,California,77,38332521
2013,Colorado,12,5268367
2013,Connecticut,,3596080
2013,District of Columbia,,646449
2013,Florida,83,19552860
2013,Georgia,82,9992167
2013,Hawaii,,1404054
2013,Idaho,,1612136
2013,Illinois,27,12882135
2013,Indiana,35,6570902
2013,Iowa,,3090416
2013,Kansas,15,2893957
2013,Kentucky,19,4395295
2013,Louisiana,47,4625470
2013,Maine,,1328302
2013,Maryland,15,5928814
2013,Massachusetts,,6692824
2013,Michigan,36,9895622
2013,Minnesota,11,5420380
2013,Mississippi,13,2991207
2013,Missouri,30,6044171
2013,Montana,,1015165
2013,Nebraska,,1868516
2013,Nevada,,2790136
2013,New Hampshire,,1323459
2013,New Jersey,57,8899339
2013,New Mexico,,2085287
2013,New York,63,19651127
2013,North Carolina,15,9848060
2013,North Dakota,,723393
2013,Ohio,30,11570808
2013,Oklahoma,20,3850568
2013,Oregon,12,3930065
2013,Pennsylvania,35,12773801
2013,Rhode Island,,1051511
2013,South Carolina,17,4774839
2013,South Dakota,,844877
2013,Tennessee,28,6495978
2013,Texas,168,26448193
2013,Utah,16,2900872
2013,Vermont,,626630
2013,Virginia,15,8260405
2013,Washington,20,6971406
2013,West Virginia,,1854304
2013,Wisconsin,12,5742713
2014,Alabama,,4849377
2014,Alaska,,736732
2014,Arizona,24,6731484
2014,Arkansas,23,2966369
2014,California,88,38802500
2014,Colorado,16,5355866
2014,Connecticut,,3596677
2014,Delaware,,935614
2014,District of Columbia,,658893
2014,Florida,62,19893297
2014,Georgia,104,10097343
2014,Hawaii,,1419561
2014,Idaho,,1634464
2014,Illinois,32,12880580
2014,Indiana,38,6596855
2014,Iowa,11,3107126
2014,Kansas,,2904021
2014,Kentucky,,4413457
2014,Louisiana,40,4649676
2014,Maine,,1330089
2014,Maryland,22,5976407
2014,Massachusetts,,6745408
2014,Michigan,29,9909877
2014,Minnesota,10,5457173
2014,Mississippi,,2994079
2014,Missouri,34,6063589
2014,Montana,,1023579
2014,Nebraska,,1881503
2014,Nevada,,2839099
2014,New Hampshire,,1326813
2014,New Jersey,55,8938175
2014,New Mexico,,2085572
2014,New York,61,19746227
2014,North Carolina,34,9943964
2014,North Dakota,,739482
2014,Ohio,22,11594163
2014,Oklahoma,13,3878051
2014,Oregon,,3970239
2014,Pennsylvania,35,12787209
2014,Rhode Island,,1055173
2014,South Carolina,24,4832482
2014,South Dakota,,853175
2014,Tennessee,24,6549352
2014,Texas,147,26956958
2014,Utah,12,2942902
2014,Virginia,18,8326289
2014,Washington,20,7061530
2014,West Virginia,,1850326
2014,Wisconsin,16,5757564
2014,Wyoming,,584153
2015,Alabama,12,4858979
2015,Alaska,,738432
2015,Arizona,20,6828065
2015,Arkansas,16,2978204
2015,California,84,39144818
2015,Colorado,10,5456574
2015,Connecticut,,3590886
2015,Delaware,,945934
2015,District of Columbia,,672228
2015,Florida,68,20271272
2015,Georgia,98,10214860
2015,Hawaii,,1431603
2015,Idaho,,1654930
2015,Illinois,40,12859995
2015,Indiana,46,6619680
2015,Iowa,,3123899
2015,Kansas,,2911641
2015,Kentucky,17,4425092
2015,Louisiana,44,4670724
2015,Maine,,1329328
2015,Maryland,16,6006401
2015,Massachusetts,,6794422
2015,Michigan,27,9922576
2015,Minnesota,,5489594
2015,Mississippi,,2992333
2015,Missouri,33,6083672
2015,Montana,,1032949
2015,Nebraska,,1896190
2015,Nevada,,2890845
2015,New Hampshire,,1330608
2015,New Jersey,39,8958013
2015,New Mexico,,2085109
2015,New York,64,19795791
2015,North Carolina,44,10042802
2015,North Dakota,,756927
2015,Ohio,41,11613423
2015,Oklahoma,14,3911338
2015,Oregon,,4028977
2015,Pennsylvania,32,12802503
2015,Rhode Island,,1056298
2015,South Carolina,20,4896146
2015,South Dakota,,858469
2015,Tennessee,29,6600299
2015,Texas,157,27469114
2015,Utah,13,2995919
2015,Vermont,,626042
2015,Virginia,31,8382993
2015,Washington,11,7170351
2015,West Virginia,,1844128
2015,Wisconsin,11,5771337
2015,Wyoming,,586107
2016,Alabama,35,4863300
2016,Alaska,,741894
2016,Arizona,25,6931071
2016,Arkansas,17,2988248
2016,California,91,39250017
2016,Colorado,16,5540545
2016,Connecticut,,3576452
2016,Delaware,,952065
2016,District of Columbia,,681170
2016,Florida,50,20612439
2016,Georgia,73,10310371
2016,Hawaii,,1428557
2016,Idaho,,1683140
2016,Illinois,28,12801539
2016,Indiana,50,6633053
2016,Iowa,12,3134693
2016,Kansas,11,2907289
2016,Kentucky,29,4436974
2016,Louisiana,56,4681666
2016,Maine,,1331479
2016,Maryland,13,6016447
2016,Massachusetts,18,6811779
2016,Michigan,40,9928300
2016,Minnesota,14,5519952
2016,Mississippi,14,2988726
2016,Missouri,27,6093000
2016,Montana,,1042520
2016,Nebraska,,1907116
2016,Nevada,,2940058
2016,New Hampshire,,1334795
2016,New Jersey,43,8944469
2016,New Mexico,,2081015
2016,New York,65,19745289
2016,North Carolina,38,10146788
2016,North Dakota,,757952
2016,Ohio,36,11614373
2016,Oklahoma,20,3923561
2016,Oregon,,4093465
2016,Pennsylvania,41,12784227
2016,Rhode Island,,1056426
2016,South Carolina,28,4961119
2016,South Dakota,,865454
2016,Tennessee,25,6651194
2016,Texas,153,27862596
2016,Utah,,3051217
2016,Vermont,,624594
2016,Virginia,47,8411808
2016,Washington,12,7288000
2016,West Virginia,,1831102
2016,Wisconsin,15,5778708
2016,Wyoming,,585501
2017,Alabama,41,4874747
2017,Alaska,,739795
2017,Arizona,24,7016270
2017,Arkansas,14,3004279
2017,California,90,39536653
2017,Colorado,18,5607154
2017,Connecticut,11,3588184
2017,Delaware,,961939
2017,District of Columbia,,693972
2017,Florida,48,20984400
2017,Georgia,74,10429379
2017,Hawaii,,1427538
2017,Idaho,,1716943
2017,Illinois,39,12802023
2017,Indiana,40,6666818
2017,Iowa,12,3145711
2017,Kansas,10,2913123
2017,Kentucky,18,4454189
2017,Louisiana,41,4684333
2017,Maine,,1335907
2017,Maryland,25,6052177
2017,Massachusetts,14,6859819
2017,Michigan,24,9962311
2017,Minnesota,18,5576606
2017,Mississippi,12,2984100
2017,Missouri,28,6113532
2017,Montana,,1050493
2017,Nebraska,,1920076
2017,Nevada,11,2998039
2017,New Hampshire,,1342795
2017,New Jersey,44,9005644
2017,New Mexico,10,2088070
2017,New York,47,19849399
2017,North Carolina,35,10273419
2017,North Dakota,,755393
2017,Ohio,42,11658609
2017,Oklahoma,22,3930864
2017,Oregon,12,4142776
2017,Pennsylvania,40,12805537
2017,South Carolina,24,5024369
2017,South Dakota,,869666
2017,Tennessee,39,6715984
2017,Texas,147,28304596
2017,Utah,10,3101833
2017,Vermont,,623657
2017,Virginia,40,8470020
2017,Washington,24,7405743
2017,West Virginia,,1815857
2017,Wisconsin,12,5795483
2017,Wyoming,,579315
2018,Alabama,31,4887871
2018,Alaska,,737438
2018,Arizona,24,7171646
2018,Arkansas,23,3013825
2018,California,81,39557045
2018,Colorado,,5695564
2018,Connecticut,,3572665
2018,Delaware,,967171
2018,District of Columbia,,702455
2018,Florida,54,21299325
2018,Georgia,62,10519475
2018,Hawaii,,1420491
2018,Idaho,,1754208
2018,Illinois,22,12741080
2018,Indiana,23,6691878
2018,Iowa,,3156145
2018,Kansas,,2911505
2018,Kentucky,29,4468402
2018,Louisiana,22,4659978
2018,Maine,,1338404
2018,Maryland,17,6042718
2018,Massachusetts,15,6902149
2018,Michigan,32,9995915
2018,Minnesota,10,5611179
2018,Mississippi,15,2986530
2018,Missouri,24,6126452
2018,Montana,,1062305
2018,Nebraska,,1929268
2018,Nevada,,3034392
2018,New Jersey,35,8908520
2018,New Mexico,,2095428
2018,New York,66,19542209
2018,North Carolina,25,10383620
2018,Ohio,27,11689442
2018,Oklahoma,17,3943079
2018,Oregon,,4190713
2018,Pennsylvania,29,12807060
2018,Rhode Island,,1057315
2018,South Carolina,16,5084127
2018,South Dakota,,882235
2018,Tennessee,27,6770010
2018,Texas,94,28701845
2018,Utah,,3161105
2018,Virginia,23,8517685
2018,Washington,21,7535591
2018,West Virginia,10,1805832
2018,Wisconsin,,5813568
2018,Wyoming,,577737
2019,Alabama,35,4903185
2019,Alaska,,731545
2019,Arizona,32,7278717
2019,Arkansas,14,3017804
2019,California,71,39512223
2019,Colorado,15,5758736
2019,Connecticut,,3565287
2019,Delaware,,973764
2019,District of Columbia,,705749
2019,Florida,69,21477737
2019,Georgia,64,10617423
2019,Hawaii,,1415872
2019,Idaho,,1787065
2019,Illinois,20,12671821
2019,Indiana,33,6732219
2019,Iowa,,3155070
2019,Kansas,13,2913314
2019,Kentucky,21,4467673
2019,Louisiana,26,4648794
2019,Maine,,1344212
2019,Maryland,22,6045680
2019,Massachusetts,,6892503
2019,Michigan,34,9986857
2019,Minnesota,11,5639632
2019,Mississippi,22,2976149
2019,Missouri,16,6137428
2019,Montana,,1068778
2019,Nebraska,,1934408
2019,Nevada,,3080156
2019,New Hampshire,,1359711
2019,New Jersey,36,8882190
2019,New Mexico,,2096829
2019,New York,77,19453561
2019,North Carolina,46,10488084
2019,North Dakota,,762062
2019,Ohio,47,11689100
2019,Oklahoma,14,3956971
2019,Oregon,,4217737
2019,Pennsylvania,39,12801989
2019,Rhode Island,,1059361
2019,South Carolina,24,5148714
2019,South Dakota,,884659
2019,Tennessee,30,6829174
2019,Texas,89,28995881
2019,Utah,14,3205958
2019,Vermont,,623989
2019,Virginia,32,8535519
2019,Washington,31,7614893
2019,West Virginia,,1792147
2019,Wisconsin,13,5822434
2019,Wyoming,,578759
2020,Alabama,34,4921532
2020,Arizona,39,7421401
2020,Arkansas,22,3030522
2020,California,85,39368078
2020,Colorado,16,5807719
2020,Connecticut,,3557006
2020,Delaware,,986809
2020,District of Columbia,,712816
2020,Florida,60,21733312
2020,Georgia,49,10710017
2020,Hawaii,,1407006
2020,Idaho,,1826913
2020,Illinois,37,12587530
2020,Indiana,33,6754953
2020,Iowa,,3163561
2020,Kansas,12,2913805
2020,Kentucky,28,4477251
2020,Louisiana,33,4645318
2020,Maine,,1350141
2020,Maryland,19,6055802
2020,Massachusetts,18,6893574
2020,Michigan,38,9966555
2020,Minnesota,12,5657342
2020,Mississippi,16,2966786
2020,Missouri,39,6151548
2020,Montana,,1080577
2020,Nebraska,,1937552
2020,Nevada,13,3138259
2020,New Hampshire,,1366275
2020,New Jersey,35,8882371
2020,New Mexico,10,2106319
2020,New York,71,19336776
2020,North Carolina,67,10600823
2020,North Dakota,,765309
2020,Ohio,44,11693217
2020,Oklahoma,12,3980783
2020,Oregon,20,4241507
2020,Pennsylvania,25,12783254
2020,Rhode Island,,1057125
2020,South Carolina,31,5218040
2020,South Dakota,,892717
2020,Tennessee,54,6886834
2020,Texas,155,29360759
2020,Utah,,3249879
2020,Virginia,46,8590563
2020,Washington,17,7693612
2020,West Virginia,,1784787
2020,Wisconsin,15,5832655
2020,Wyoming,,582328
2021,Alabama,50,5039877
2021,Alaska,,732673
2021,Arizona,38,7276316
2021,Arkansas,24,3025891
2021,California,95,39237836
2021,Colorado,16,5812069
2021,Connecticut,10,3605597
2021,Delaware,,1003384
2021,District of Columbia,,670050
2021,Florida,110,21781128
2021,Georgia,96,10799566
2021,Hawaii,,1441553
2021,Idaho,,1900923
2021,Illinois,47,12671469
2021,Indiana,38,6805985
2021,Iowa,19,3193079
2021,Kansas,13,2934582
2021,Kentucky,23,4509394
2021,Louisiana,44,4624047
2021,Maine,,1372247
2021,Maryland,26,6165129
2021,Massachusetts,15,6984723
2021,Michigan,34,10050811
2021,Minnesota,17,5707390
2021,Mississippi,38,2949965
2021,Missouri,36,6168187
2021,Montana,,1104271
2021,Nebraska,,1963692
2021,Nevada,10,3143991
2021,New Hampshire,,1388992
2021,New Jersey,44,9267130
2021,New Mexico,21,2115877
2021,New York,89,19835913
2021,North Carolina,83,10551162
2021,North Dakota,,774948
2021,Ohio,68,11780017
2021,Oklahoma,25,3986639
2021,Oregon,14,4246155
2021,Pennsylvania,47,12964056
2021,Rhode Island,,1095610
2021,South Carolina,37,5190705
2021,South Dakota,,895376
2021,Tennessee,61,6975218
2021,Texas,206,29527941
2021,Utah,16,3337975
2021,Virginia,60,8642274
2021,Washington,28,7738692
2021,West Virginia,,1782959
2021,Wisconsin,18,5895908
2021,Wyoming,,578803
2022,Alabama,24,5074296
2022,Alaska,,733583
2022,Arizona,27,7359197
2022,Arkansas,12,3045637
2022,California,70,39029342
2022,Colorado,18,5839926
2022,Connecticut,16,3626205
2022,Delaware,,1018396
2022,District of Columbia,,671803
2022,Florida,55,22244823
2022,Georgia,55,10912876
2022,Hawaii,,1440196
2022,Idaho,,1939033
2022,Illinois,40,12582032
2022,Indiana,27,6833037
2022,Iowa,11,3200517
2022,Kansas,12,2937150
2022,Kentucky,15,4512310
2022,Louisiana,21,4590241
2022,Maine,,1385340
2022,Maryland,25,6164660
2022,Massachusetts,18,6981974
2022,Michigan,36,10034113
2022,Minnesota,12,5717184
2022,Mississippi,14,2940057
2022,Missouri,23,6177957
2022,Montana,,1122867
2022,Nebraska,,1967923
2022,Nevada,,3177772
2022,New Hampshire,,1395231
2022,New Jersey,41,9261699
2022,New Mexico,,2113344
2022,New York,74,19677151
2022,North Carolina,65,10698973
2022,North Dakota,,779261
2022,Ohio,57,11756058
2022,Oklahoma,17,4019800
2022,Oregon,16,4240137
2022,Pennsylvania,44,12972008
2022,Rhode Island,,1093734
2022,South Carolina,26,5282634
2022,South Dakota,,909824
2022,Tennessee,46,7051339
2022,Texas,159,30029572
2022,Utah,,3380800
2022,Virginia,61,8683619
2022,Washington,15,7785786
2022,West Virginia,,1775156
2022,Wisconsin,21,5892539
2022,Wyoming,,581381
2023,Alabama,25,5108468
2023,Alaska,,733406
2023,Arizona,25,7431344
2023,Arkansas,19,3067732
2023,California,63,38965193
2023,Colorado,14,5877610
2023,Connecticut,,3617176
2023,Delaware,,1031890
2023,District of Columbia,,678972
2023,Florida,59,22610726
2023,Georgia,54,11029227
2023,Hawaii,,1435138
2023,Idaho,,1964726
2023,Illinois,35,12549689
2023,Indiana,29,6862199
2023,Iowa,10,3207004
2023,Kansas,,2940546
2023,Kentucky,21,4526154
2023,Louisiana,27,4573749
2023,Maine,,1395722
2023,Maryland,16,6180253
2023,Massachusetts,,7001399
2023,Michigan,22,10037261
2023,Minnesota,18,5737915
2023,Mississippi,19,2939690
2023,Missouri,25,6196156
2023,Montana,,1132812
2023,Nebraska,,1978379
2023,Nevada,,3194176
2023,New Hampshire,,1402054
2023,New Jersey,24,9290841
2023,New Mexico,,2114371
2023,New York,53,19571216
2023,North Carolina,63,10835491
2023,North Dakota,,783926
2023,Ohio,34,11785935
2023,Oklahoma,12,4053824
2023,Oregon,,4233358
2023,Pennsylvania,30,12961683
2023,Rhode Island,,1095962
2023,South Carolina,17,5373555
2023,Tennessee,39,7126489
2023,Texas,128,30503301
2023,Utah,,3417734
2023,Virginia,31,8715698
2023,Washington,17,7812880
2023,West Virginia,,1770071
2023,Wisconsin,18,5910955
2023,Wyoming,,584057
2024,Alabama,21,5157699
2024,Alaska,,740133
2024,Arizona,22,7582384
2024,Arkansas,16,3088354
2024,California,89,39431263
2024,Colorado,16,5957493
2024,Connecticut,,3675069
2024,Delaware,,1051917
2024,District of Columbia,,702250
2024,Florida,50,23372215
2024,Georgia,45,11180878
2024,Hawaii,,1446146
2024,Idaho,,2001619
2024,Illinois,31,12710158
2024,Indiana,21,6924275
2024,Iowa,,3241488
2024,Kansas,,2970606
2024,Kentucky,17,4588372
2024,Louisiana,19,4597740
2024,Maine,,1405012
2024,Maryland,23,6263220
2024,Massachusetts,18,7136171
2024,Michigan,21,10140459
2024,Minnesota,12,5793151
2024,Mississippi,14,2943045
2024,Missouri,29,6245466
2024,Montana,,1137233
2024,Nebraska,,2005465
2024,Nevada,10,3267467
2024,New Hampshire,,1409032
2024,New Jersey,32,9500851
2024,New Mexico,,2130256
2024,New York,64,19867248
2024,North Carolina,36,11046024
2024,North Dakota,,796568
2024,Ohio,29,11883304
2024,Oklahoma,15,4095393
2024,Oregon,11,4272371
2024,Pennsylvania,21,13078751
2024,Rhode Island,,1112308
2024,South Carolina,22,5478831
2024,Tennessee,27,7227750
2024,Texas,130,31290831
2024,Utah,,3503613
2024,Virginia,26,8811195
2024,Washington,30,7958180
2024,West Virginia,,1769979
2024,Wisconsin,11,5960975
2024,Wyoming,,587618
