year,cause,deaths
1979,Infectious and parasitic diseases,15360
1979,Neoplasms,409299
1979,"Endocrine, nutritional and metabolic diseases, and immunity disorders",43788
1979,Diseases of the blood and blood-forming organs,6201
1979,Mental disorders,12704
1979,Diseases of the nervous system and sense organs,20534
1979,Diseases of the circulatory system,963037
1979,Diseases of the respiratory system,111547
1979,Diseases of the digestive system,72135
1979,Diseases of the genitourinary system,27453
1979,"Complications of pregnancy, childbirth, and the puerperium",336
1979,Diseases of the skin and subcutaneous tissue,2761
1979,Diseases of the musculoskeletal system and connective tissue,5189
1979,Congenital anomalies,13526
1979,Certain conditions originating in the perinatal period,23448
1979,"Symptoms, signs, and ill-defined conditions",27578
1979,External causes of injury and poisoning,158945
1980,Infectious and parasitic diseases,17288
1980,Neoplasms,422702
1980,"Endocrine, nutritional and metabolic diseases, and immunity disorders",46360
1980,Diseases of the blood and blood-forming organs,6376
1980,Mental disorders,14026
1980,Diseases of the nervous system and sense organs,21744
1980,Diseases of the circulatory system,993348
1980,Diseases of the respiratory system,128828
1980,Diseases of the digestive system,75202
1980,Diseases of the genitourinary system,29082
1980,"Complications of pregnancy, childbirth, and the puerperium",334
1980,Diseases of the skin and subcutaneous tissue,2855
1980,Diseases of the musculoskeletal system and connective tissue,5533
1980,Congenital anomalies,13938
1980,Certain conditions originating in the perinatal period,22866
1980,"Symptoms, signs, and ill-defined conditions",28808
1980,External causes of injury and poisoning,160551
1981,Infectious and parasitic diseases,18514
1981,Neoplasms,428329
1981,"Endocrine, nutritional and metabolic diseases, and immunity disorders",45811
1981,Diseases of the blood and blood-forming organs,6367
1981,Mental disorders,14573
1981,Diseases of the nervous system and sense organs,22571
1981,Diseases of the circulatory system,977694
1981,Diseases of the respiratory system,131329
1981,Diseases of the digestive system,74103
1981,Diseases of the genitourinary system,29600
1981,"Complications of pregnancy, childbirth, and the puerperium",309
1981,Diseases of the skin and subcutaneous tissue,2937
1981,Diseases of the musculoskeletal system and connective tissue,5643
1981,Congenital anomalies,13527
1981,Certain conditions originating in the perinatal period,21626
1981,"Symptoms, signs, and ill-defined conditions",29472
1981,External causes of injury and poisoning,155576
1982,Infectious and parasitic diseases,19475
1982,Neoplasms,440255
1982,"Endocrine, nutritional and metabolic diseases, and immunity disorders",46043
1982,Diseases of the blood and blood-forming organs,6562
1982,Mental disorders,14476
1982,Diseases of the nervous system and sense organs,22934
1982,Diseases of the circulatory system,972552
1982,Diseases of the respiratory system,127754
1982,Diseases of the digestive system,72642
1982,Diseases of the genitourinary system,30833
1982,"Complications of pregnancy, childbirth, and the puerperium",292
1982,Diseases of the skin and subcutaneous tissue,3090
1982,Diseases of the musculoskeletal system and connective tissue,5783
1982,Congenital anomalies,13604
1982,Certain conditions originating in the perinatal period,20794
1982,"Symptoms, signs, and ill-defined conditions",29814
1982,External causes of injury and poisoning,147894
1983,Infectious and parasitic diseases,21824
1983,Neoplasms,449469
1983,"Endocrine, nutritional and metabolic diseases, and immunity disorders",48882
1983,Diseases of the blood and blood-forming organs,7162
1983,Mental disorders,15917
1983,Diseases of the nervous system and sense organs,26030
1983,Diseases of the circulatory system,986132
1983,Diseases of the respiratory system,142835
1983,Diseases of the digestive system,72621
1983,Diseases of the genitourinary system,32505
1983,"Complications of pregnancy, childbirth, and the puerperium",290
1983,Diseases of the skin and subcutaneous tissue,3297
1983,Diseases of the musculoskeletal system and connective tissue,6035
1983,Congenital anomalies,13173
1983,Certain conditions originating in the perinatal period,19310
1983,"Symptoms, signs, and ill-defined conditions",29628
1983,External causes of injury and poisoning,144091
1984,Infectious and parasitic diseases,24500
1984,Neoplasms,459928
1984,"Endocrine, nutritional and metabolic diseases, and immunity disorders",49544
1984,Diseases of the blood and blood-forming organs,7305
1984,Mental disorders,16595
1984,Diseases of the nervous system and sense organs,28306
1984,Diseases of the circulatory system,978171
1984,Diseases of the respiratory system,149686
1984,Diseases of the digestive system,73813
1984,Diseases of the genitourinary system,34785
1984,"Complications of pregnancy, childbirth, and the puerperium",285
1984,Diseases of the skin and subcutaneous tissue,3598
1984,Diseases of the musculoskeletal system and connective tissue,6200
1984,Congenital anomalies,13039
1984,Certain conditions originating in the perinatal period,18881
1984,"Symptoms, signs, and ill-defined conditions",29721
1984,External causes of injury and poisoning,145012
1985,Infectious and parasitic diseases,28003
1985,Neoplasms,468262
1985,"Endocrine, nutritional and metabolic diseases, and immunity disorders",53268
1985,Diseases of the blood and blood-forming organs,7691
1985,Mental disorders,18598
1985,Diseases of the nervous system and sense organs,30957
1985,Diseases of the circulatory system,982739
1985,Diseases of the respiratory system,166189
1985,Diseases of the digestive system,74805
1985,Diseases of the genitourinary system,36888
1985,"Complications of pregnancy, childbirth, and the puerperium",295
1985,Diseases of the skin and subcutaneous tissue,3852
1985,Diseases of the musculoskeletal system and connective tissue,6256
1985,Congenital anomalies,12783
1985,Certain conditions originating in the perinatal period,19246
1985,"Symptoms, signs, and ill-defined conditions",30960
1985,External causes of injury and poisoning,145648
1986,Infectious and parasitic diseases,31623
1986,Neoplasms,476106
1986,"Endocrine, nutritional and metabolic diseases, and immunity disorders",56545
1986,Diseases of the blood and blood-forming organs,7777
1986,Mental disorders,19663
1986,Diseases of the nervous system and sense organs,32965
1986,Diseases of the circulatory system,972917
1986,Diseases of the respiratory system,170938
1986,Diseases of the digestive system,74348
1986,Diseases of the genitourinary system,38682
1986,"Complications of pregnancy, childbirth, and the puerperium",272
1986,Diseases of the skin and subcutaneous tissue,3843
1986,Diseases of the musculoskeletal system and connective tissue,6231
1986,Congenital anomalies,12638
1986,Certain conditions originating in the perinatal period,18391
1986,"Symptoms, signs, and ill-defined conditions",31390
1986,External causes of injury and poisoning,151032
1987,Infectious and parasitic diseases,43111
1987,Neoplasms,483497
1987,"Endocrine, nutritional and metabolic diseases, and immunity disorders",52343
1987,Diseases of the blood and blood-forming organs,8117
1987,Mental disorders,21374
1987,Diseases of the nervous system and sense organs,35905
1987,Diseases of the circulatory system,968434
1987,Diseases of the respiratory system,172834
1987,Diseases of the digestive system,75451
1987,Diseases of the genitourinary system,39959
1987,"Complications of pregnancy, childbirth, and the puerperium",251
1987,Diseases of the skin and subcutaneous tissue,3880
1987,Diseases of the musculoskeletal system and connective tissue,6409
1987,Congenital anomalies,12333
1987,Certain conditions originating in the perinatal period,18222
1987,"Symptoms, signs, and ill-defined conditions",31261
1987,External causes of injury and poisoning,149942
1988,Infectious and parasitic diseases,48093
1988,Neoplasms,491783
1988,"Endocrine, nutritional and metabolic diseases, and immunity disorders",55269
1988,Diseases of the blood and blood-forming organs,8315
1988,Mental disorders,24018
1988,Diseases of the nervous system and sense organs,37018
1988,Diseases of the circulatory system,973969
1988,Diseases of the respiratory system,187006
1988,Diseases of the digestive system,76355
1988,Diseases of the genitourinary system,40654
1988,"Complications of pregnancy, childbirth, and the puerperium",330
1988,Diseases of the skin and subcutaneous tissue,3830
1988,Diseases of the musculoskeletal system and connective tissue,6863
1988,Congenital anomalies,12753
1988,Certain conditions originating in the perinatal period,18220
1988,"Symptoms, signs, and ill-defined conditions",30951
1988,External causes of injury and poisoning,152572
1989,Infectious and parasitic diseases,52851
1989,Neoplasms,502853
1989,"Endocrine, nutritional and metabolic diseases, and immunity disorders",62686
1989,Diseases of the blood and blood-forming organs,8590
1989,Mental disorders,25192
1989,Diseases of the nervous system and sense organs,38486
1989,Diseases of the circulatory system,936157
1989,Diseases of the respiratory system,187008
1989,Diseases of the digestive system,76121
1989,Diseases of the genitourinary system,39292
1989,"Complications of pregnancy, childbirth, and the puerperium",320
1989,Diseases of the skin and subcutaneous tissue,3806
1989,Diseases of the musculoskeletal system and connective tissue,7598
1989,Congenital anomalies,12897
1989,Certain conditions originating in the perinatal period,18752
1989,"Symptoms, signs, and ill-defined conditions",26988
1989,External causes of injury and poisoning,150869
1990,Infectious and parasitic diseases,55612
1990,Neoplasms,512074
1990,"Endocrine, nutritional and metabolic diseases, and immunity disorders",63576
1990,Diseases of the blood and blood-forming organs,9027
1990,Mental disorders,25856
1990,Diseases of the nervous system and sense organs,39368
1990,Diseases of the circulatory system,920245
1990,Diseases of the respiratory system,192205
1990,Diseases of the digestive system,75177
1990,Diseases of the genitourinary system,38637
1990,"Complications of pregnancy, childbirth, and the puerperium",343
1990,Diseases of the skin and subcutaneous tissue,3557
1990,Diseases of the musculoskeletal system and connective tissue,7679
1990,Congenital anomalies,13085
1990,Certain conditions originating in the perinatal period,17674
1990,"Symptoms, signs, and ill-defined conditions",24137
1990,External causes of injury and poisoning,150211
1991,Infectious and parasitic diseases,60398
1991,Neoplasms,521651
1991,"Endocrine, nutritional and metabolic diseases, and immunity disorders",65823
1991,Diseases of the blood and blood-forming organs,9313
1991,Mental disorders,27149
1991,Diseases of the nervous system and sense organs,40009
1991,Diseases of the circulatory system,920482
1991,Diseases of the respiratory system,195433
1991,Diseases of the digestive system,75558
1991,Diseases of the genitourinary system,39533
1991,"Complications of pregnancy, childbirth, and the puerperium",323
1991,Diseases of the skin and subcutaneous tissue,3282
1991,Diseases of the musculoskeletal system and connective tissue,7655
1991,Congenital anomalies,12599
1991,Certain conditions originating in the perinatal period,16781
1991,"Symptoms, signs, and ill-defined conditions",24342
1991,External causes of injury and poisoning,149187
1992,Infectious and parasitic diseases,64618
1992,Neoplasms,527648
1992,"Endocrine, nutritional and metabolic diseases, and immunity disorders",67511
1992,Diseases of the blood and blood-forming organs,9447
1992,Mental disorders,29007
1992,Diseases of the nervous system and sense organs,40443
1992,Diseases of the circulatory system,917908
1992,Diseases of the respiratory system,194312
1992,Diseases of the digestive system,75996
1992,Diseases of the genitourinary system,40427
1992,"Complications of pregnancy, childbirth, and the puerperium",318
1992,Diseases of the skin and subcutaneous tissue,3122
1992,Diseases of the musculoskeletal system and connective tissue,7550
1992,Congenital anomalies,12491
1992,Certain conditions originating in the perinatal period,15730
1992,"Symptoms, signs, and ill-defined conditions",23430
1992,External causes of injury and poisoning,145655
1993,Infectious and parasitic diseases,70143
1993,Neoplasms,537345
1993,"Endocrine, nutritional and metabolic diseases, and immunity disorders",72666
1993,Diseases of the blood and blood-forming organs,9709
1993,Mental disorders,33516
1993,Diseases of the nervous system and sense organs,45004
1993,Diseases of the circulatory system,952210
1993,Diseases of the respiratory system,212020
1993,Diseases of the digestive system,76746
1993,Diseases of the genitourinary system,42305
1993,"Complications of pregnancy, childbirth, and the puerperium",302
1993,Diseases of the skin and subcutaneous tissue,3222
1993,Diseases of the musculoskeletal system and connective tissue,8223
1993,Congenital anomalies,12444
1993,Certain conditions originating in the perinatal period,15097
1993,"Symptoms, signs, and ill-defined conditions",26540
1993,External causes of injury and poisoning,151061
1994,Infectious and parasitic diseases,75300
1994,Neoplasms,541827
1994,"Endocrine, nutritional and metabolic diseases, and immunity disorders",76165
1994,Diseases of the blood and blood-forming organs,9712
1994,Mental disorders,37003
1994,Diseases of the nervous system and sense organs,47900
1994,Diseases of the circulatory system,944775
1994,Diseases of the respiratory system,211523
1994,Diseases of the digestive system,77432
1994,Diseases of the genitourinary system,42253
1994,"Complications of pregnancy, childbirth, and the puerperium",328
1994,Diseases of the skin and subcutaneous tissue,3330
1994,Diseases of the musculoskeletal system and connective tissue,8744
1994,Congenital anomalies,12030
1994,Certain conditions originating in the perinatal period,14487
1994,"Symptoms, signs, and ill-defined conditions",25245
1994,External causes of injury and poisoning,150940
1995,Infectious and parasitic diseases,77128
1995,Neoplasms,546214
1995,"Endocrine, nutritional and metabolic diseases, and immunity disorders",79620
1995,Diseases of the blood and blood-forming organs,10197
1995,Mental disorders,40718
1995,Diseases of the nervous system and sense organs,51240
1995,Diseases of the circulatory system,955591
1995,Diseases of the respiratory system,215081
1995,Diseases of the digestive system,76861
1995,Diseases of the genitourinary system,43356
1995,"Complications of pregnancy, childbirth, and the puerperium",277
1995,Diseases of the skin and subcutaneous tissue,3231
1995,Diseases of the musculoskeletal system and connective tissue,9164
1995,Congenital anomalies,11891
1995,Certain conditions originating in the perinatal period,13471
1995,"Symptoms, signs, and ill-defined conditions",27283
1995,External causes of injury and poisoning,150809
1996,Infectious and parasitic diseases,65791
1996,Neoplasms,547180
1996,"Endocrine, nutritional and metabolic diseases, and immunity disorders",82767
1996,Diseases of the blood and blood-forming organs,10013
1996,Mental disorders,44010
1996,Diseases of the nervous system and sense organs,53821
1996,Diseases of the circulatory system,954407
1996,Diseases of the respiratory system,220368
1996,Diseases of the digestive system,77429
1996,Diseases of the genitourinary system,44538
1996,"Complications of pregnancy, childbirth, and the puerperium",294
1996,Diseases of the skin and subcutaneous tissue,3171
1996,Diseases of the musculoskeletal system and connective tissue,9508
1996,Congenital anomalies,11836
1996,Certain conditions originating in the perinatal period,13069
1996,"Symptoms, signs, and ill-defined conditions",26190
1996,External causes of injury and poisoning,150298
1997,Infectious and parasitic diseases,52371
1997,Neoplasms,547236
1997,"Endocrine, nutritional and metabolic diseases, and immunity disorders",84967
1997,Diseases of the blood and blood-forming organs,10251
1997,Mental disorders,47481
1997,Diseases of the nervous system and sense organs,56245
1997,Diseases of the circulatory system,948412
1997,Diseases of the respiratory system,227942
1997,Diseases of the digestive system,79069
1997,Diseases of the genitourinary system,46353
1997,"Complications of pregnancy, childbirth, and the puerperium",327
1997,Diseases of the skin and subcutaneous tissue,3109
1997,Diseases of the musculoskeletal system and connective tissue,10035
1997,Congenital anomalies,11912
1997,Certain conditions originating in the perinatal period,13092
1997,"Symptoms, signs, and ill-defined conditions",25752
1997,External causes of injury and poisoning,149691
1998,Infectious and parasitic diseases,51252
1998,Neoplasms,549465
1998,"Endocrine, nutritional and metabolic diseases, and immunity disorders",88158
1998,Diseases of the blood and blood-forming organs,10637
1998,Mental disorders,52819
1998,Diseases of the nervous system and sense organs,57762
1998,Diseases of the circulatory system,944962
1998,Diseases of the respiratory system,238999
1998,Diseases of the digestive system,79357
1998,Diseases of the genitourinary system,48377
1998,"Complications of pregnancy, childbirth, and the puerperium",281
1998,Diseases of the skin and subcutaneous tissue,3222
1998,Diseases of the musculoskeletal system and connective tissue,10166
1998,Congenital anomalies,11934
1998,Certain conditions originating in the perinatal period,13428
1998,"Symptoms, signs, and ill-defined conditions",25992
1998,External causes of injury and poisoning,150445
1999,Certain infectious and parasitic diseases,59984
1999,Neoplasms,563065
1999,Diseases of the blood and blood-forming organs and certain disorders involving the immune mechanism,9067
1999,"Endocrine, nutritional and metabolic diseases",92872
1999,Mental and behavioural disorders,42128
1999,Diseases of the nervous system,84077
1999,Diseases of the eye and adnexa,44
1999,Diseases of the ear and mastoid process,74
1999,Diseases of the circulatory system,954339
1999,Diseases of the respiratory system,229863
1999,Diseases of the digestive system,82876
1999,Diseases of the skin and subcutaneous tissue,3697
1999,Diseases of the musculoskeletal system and connective tissue,13347
1999,Diseases of the genitourinary system,53127
1999,"Pregnancy, childbirth and the puerperium",406
1999,Certain conditions originating in the perinatal period,14259
1999,"Congenital malformations, deformations and chromosomal abnormalities",10393
1999,"Symptoms, signs and abnormal clinical and laboratory findings, not elsewhere classified",26672
1999,Codes for special purposes,0
1999,External causes of morbidity and mortality,151109
2000,Certain infectious and parasitic diseases,59007
2000,Neoplasms,566637
2000,Diseases of the blood and blood-forming organs and certain disorders involving the immune mechanism,9315
2000,"Endocrine, nutritional and metabolic diseases",94345
2000,Mental and behavioural disorders,46015
2000,Diseases of the nervous system,91014
2000,Diseases of the eye and adnexa,59
2000,Diseases of the ear and mastoid process,67
2000,Diseases of the circulatory system,941526
2000,Diseases of the respiratory system,231079
2000,Diseases of the digestive system,84015
2000,Diseases of the skin and subcutaneous tissue,3753
2000,Diseases of the musculoskeletal system and connective tissue,13764
2000,Diseases of the genitourinary system,54560
2000,"Pregnancy, childbirth and the puerperium",404
2000,Certain conditions originating in the perinatal period,14069
2000,"Congenital malformations, deformations and chromosomal abnormalities",10578
2000,"Symptoms, signs and abnormal clinical and laboratory findings, not elsewhere classified",31876
2000,Codes for special purposes,0
2000,External causes of morbidity and mortality,151268
2001,Certain infectious and parasitic diseases,60336
2001,Neoplasms,567444
2001,Diseases of the blood and blood-forming organs and certain disorders involving the immune mechanism,9535
2001,"Endocrine, nutritional and metabolic diseases",96820
2001,Mental and behavioural disorders,50811
2001,Diseases of the nervous system,96524
2001,Diseases of the eye and adnexa,37
2001,Diseases of the ear and mastoid process,75
2001,Diseases of the circulatory system,926999
2001,Diseases of the respiratory system,230009
2001,Diseases of the digestive system,85833
2001,Diseases of the skin and subcutaneous tissue,3749
2001,Diseases of the musculoskeletal system and connective tissue,14057
2001,Diseases of the genitourinary system,57026
2001,"Pregnancy, childbirth and the puerperium",416
2001,Certain conditions originating in the perinatal period,13887
2001,"Congenital malformations, deformations and chromosomal abnormalities",10442
2001,"Symptoms, signs and abnormal clinical and laboratory findings, not elsewhere classified",32326
2001,Codes for special purposes,2926
2001,External causes of morbidity and mortality,157173
2002,Certain infectious and parasitic diseases,63981
2002,Neoplasms,570570
2002,Diseases of the blood and blood-forming organs and certain disorders involving the immune mechanism,9661
2002,"Endocrine, nutritional and metabolic diseases",99458
2002,Mental and behavioural disorders,55788
2002,Diseases of the nervous system,103064
2002,Diseases of the eye and adnexa,40
2002,Diseases of the ear and mastoid process,69
2002,Diseases of the circulatory system,923339
2002,Diseases of the respiratory system,234629
2002,Diseases of the digestive system,86710
2002,Diseases of the skin and subcutaneous tissue,3937
2002,Diseases of the musculoskeletal system and connective tissue,14400
2002,Diseases of the genitourinary system,58334
2002,"Pregnancy, childbirth and the puerperium",379
2002,Certain conditions originating in the perinatal period,14254
2002,"Congenital malformations, deformations and chromosomal abnormalities",10687
2002,"Symptoms, signs and abnormal clinical and laboratory findings, not elsewhere classified",29975
2002,External causes of morbidity and mortality,164111
2003,Certain infectious and parasitic diseases,64661
2003,Neoplasms,570465
2003,Diseases of the blood and blood-forming organs and certain disorders involving the immune mechanism,9585
2003,"Endocrine, nutritional and metabolic diseases",100443
2003,Mental and behavioural disorders,60058
2003,Diseases of the nervous system,109640
2003,Diseases of the eye and adnexa,41
2003,Diseases of the ear and mastoid process,72
2003,Diseases of the circulatory system,907180
2003,Diseases of the respiratory system,235935
2003,Diseases of the digestive system,87764
2003,Diseases of the skin and subcutaneous tissue,4132
2003,Diseases of the musculoskeletal system and connective tissue,14489
2003,Diseases of the genitourinary system,60081
2003,"Pregnancy, childbirth and the puerperium",545
2003,Certain conditions originating in the perinatal period,14378
2003,"Congenital malformations, deformations and chromosomal abnormalities",10518
2003,"Symptoms, signs and abnormal clinical and laboratory findings, not elsewhere classified",31444
2003,Codes for special purposes,0
2003,External causes of morbidity and mortality,166857
2004,Certain infectious and parasitic diseases,64618
2004,Neoplasms,567468
2004,Diseases of the blood and blood-forming organs and certain disorders involving the immune mechanism,9424
2004,"Endocrine, nutritional and metabolic diseases",99042
2004,Mental and behavioural disorders,61524
2004,Diseases of the nervous system,111751
2004,Diseases of the eye and adnexa,43
2004,Diseases of the ear and mastoid process,61
2004,Diseases of the circulatory system,865863
2004,Diseases of the respiratory system,227093
2004,Diseases of the digestive system,86337
2004,Diseases of the skin and subcutaneous tissue,4180
2004,Diseases of the musculoskeletal system and connective tissue,14284
2004,Diseases of the genitourinary system,60326
2004,"Pregnancy, childbirth and the puerperium",697
2004,Certain conditions originating in the perinatal period,14213
2004,"Congenital malformations, deformations and chromosomal abnormalities",10498
2004,"Symptoms, signs and abnormal clinical and laboratory findings, not elsewhere classified",30126
2004,Codes for special purposes,0
2004,External causes of morbidity and mortality,170067
2005,Certain infectious and parasitic diseases,66507
2005,Neoplasms,573022
2005,Diseases of the blood and blood-forming organs and certain disorders involving the immune mechanism,9591
2005,"Endocrine, nutritional and metabolic diseases",103152
2005,Mental and behavioural disorders,71466
2005,Diseases of the nervous system,120713
2005,Diseases of the eye and adnexa,45
2005,Diseases of the ear and mastoid process,58
2005,Diseases of the circulatory system,860843
2005,Diseases of the respiratory system,239680
2005,Diseases of the digestive system,87391
2005,Diseases of the skin and subcutaneous tissue,4234
2005,Diseases of the musculoskeletal system and connective tissue,14418
2005,Diseases of the genitourinary system,62773
2005,"Pregnancy, childbirth and the puerperium",760
2005,Certain conditions originating in the perinatal period,14549
2005,"Congenital malformations, deformations and chromosomal abnormalities",10410
2005,"Symptoms, signs and abnormal clinical and laboratory findings, not elsewhere classified",31999
2005,Codes for special purposes,0
2005,External causes of morbidity and mortality,176406
2006,Certain infectious and parasitic diseases,66993
2006,Neoplasms,574010
2006,Diseases of the blood and blood-forming organs and certain disorders involving the immune mechanism,8834
2006,"Endocrine, nutritional and metabolic diseases",99204
2006,Mental and behavioural disorders,91761
2006,Diseases of the nervous system,122965
2006,Diseases of the eye and adnexa,51
2006,Diseases of the ear and mastoid process,62
2006,Diseases of the circulatory system,827741
2006,Diseases of the respiratory system,226661
2006,Diseases of the digestive system,87607
2006,Diseases of the skin and subcutaneous tissue,3862
2006,Diseases of the musculoskeletal system and connective tissue,13930
2006,Diseases of the genitourinary system,63581
2006,"Pregnancy, childbirth and the puerperium",760
2006,Certain conditions originating in the perinatal period,14442
2006,"Congenital malformations, deformations and chromosomal abnormalities",10489
2006,"Symptoms, signs and abnormal clinical and laboratory findings, not elsewhere classified",31725
2006,Codes for special purposes,0
2006,External causes of morbidity and mortality,181586
2007,Certain infectious and parasitic diseases,66850
2007,Neoplasms,577079
2007,Diseases of the blood and blood-forming organs and certain disorders involving the immune mechanism,9745
2007,"Endocrine, nutritional and metabolic diseases",99028
2007,Mental and behavioural disorders,90280
2007,Diseases of the nervous system,126997
2007,Diseases of the eye and adnexa,45
2007,Diseases of the ear and mastoid process,65
2007,Diseases of the circulatory system,810257
2007,Diseases of the respiratory system,227307
2007,Diseases of the digestive system,89151
2007,Diseases of the skin and subcutaneous tissue,3883
2007,Diseases of the musculoskeletal system and connective tissue,13917
2007,Diseases of the genitourinary system,64743
2007,"Pregnancy, childbirth and the puerperium",769
2007,Certain conditions originating in the perinatal period,14599
2007,"Congenital malformations, deformations and chromosomal abnormalities",10421
2007,"Symptoms, signs and abnormal clinical and laboratory findings, not elsewhere classified",33500
2007,Codes for special purposes,0
2007,External causes of morbidity and mortality,185076
2008,Certain infectious and parasitic diseases,68432
2008,Neoplasms,579939
2008,Diseases of the blood and blood-forming organs and certain disorders involving the immune mechanism,9873
2008,"Endocrine, nutritional and metabolic diseases",99326
2008,Mental and behavioural disorders,104617
2008,Diseases of the nervous system,136607
2008,Diseases of the eye and adnexa,51
2008,Diseases of the ear and mastoid process,80
2008,Diseases of the circulatory system,808525
2008,Diseases of the respiratory system,245099
2008,Diseases of the digestive system,91097
2008,Diseases of the skin and subcutaneous tissue,3983
2008,Diseases of the musculoskeletal system and connective tissue,13871
2008,Diseases of the genitourinary system,63130
2008,"Pregnancy, childbirth and the puerperium",795
2008,Certain conditions originating in the perinatal period,13933
2008,"Congenital malformations, deformations and chromosomal abnormalities",10288
2008,"Symptoms, signs and abnormal clinical and laboratory findings, not elsewhere classified",38522
2008,Codes for special purposes,0
2008,External causes of morbidity and mortality,183816
2009,Certain infectious and parasitic diseases,69558
2009,Neoplasms,582233
2009,Diseases of the blood and blood-forming organs and certain disorders involving the immune mechanism,9644
2009,"Endocrine, nutritional and metabolic diseases",97984
2009,Mental and behavioural disorders,106242
2009,Diseases of the nervous system,134168
2009,Diseases of the eye and adnexa,43
2009,Diseases of the ear and mastoid process,59
2009,Diseases of the circulatory system,784742
2009,Diseases of the respiratory system,238636
2009,Diseases of the digestive system,89415
2009,Diseases of the skin and subcutaneous tissue,4014
2009,Diseases of the musculoskeletal system and connective tissue,13329
2009,Diseases of the genitourinary system,63538
2009,"Pregnancy, childbirth and the puerperium",960
2009,Certain conditions originating in the perinatal period,13116
2009,"Congenital malformations, deformations and chromosomal abnormalities",9883
2009,"Symptoms, signs and abnormal clinical and laboratory findings, not elsewhere classified",39829
2009,Codes for special purposes,0
2009,External causes of morbidity and mortality,179770
2010,Certain infectious and parasitic diseases,67583
2010,Neoplasms,589660
2010,Diseases of the blood and blood-forming organs and certain disorders involving the immune mechanism,9774
2010,"Endocrine, nutritional and metabolic diseases",98891
2010,Mental and behavioural disorders,120821
2010,Diseases of the nervous system,141106
2010,Diseases of the eye and adnexa,53
2010,Diseases of the ear and mastoid process,65
2010,Diseases of the circulatory system,784454
2010,Diseases of the respiratory system,237433
2010,Diseases of the digestive system,91314
2010,Diseases of the skin and subcutaneous tissue,3995
2010,Diseases of the musculoskeletal system and connective tissue,13323
2010,Diseases of the genitourinary system,65676
2010,"Pregnancy, childbirth and the puerperium",825
2010,Certain conditions originating in the perinatal period,12128
2010,"Congenital malformations, deformations and chromosomal abnormalities",9673
2010,"Symptoms, signs and abnormal clinical and laboratory findings, not elsewhere classified",38360
2010,Codes for special purposes,0
2010,External causes of morbidity and mortality,183301
2011,Certain infectious and parasitic diseases,68818
2011,Neoplasms,591688
2011,Diseases of the blood and blood-forming organs and certain disorders involving the immune mechanism,10158
2011,"Endocrine, nutritional and metabolic diseases",105144
2011,Mental and behavioural disorders,135949
2011,Diseases of the nervous system,144920
2011,Diseases of the eye and adnexa,49
2011,Diseases of the ear and mastoid process,77
2011,Diseases of the circulatory system,783475
2011,Diseases of the respiratory system,248742
2011,Diseases of the digestive system,94096
2011,Diseases of the skin and subcutaneous tissue,4147
2011,Diseases of the musculoskeletal system and connective tissue,13702
2011,Diseases of the genitourinary system,61592
2011,"Pregnancy, childbirth and the puerperium",931
2011,Certain conditions originating in the perinatal period,12036
2011,"Congenital malformations, deformations and chromosomal abnormalities",9702
2011,"Symptoms, signs and abnormal clinical and laboratory findings, not elsewhere classified",40184
2011,Codes for special purposes,0
2011,External causes of morbidity and mortality,190048
2012,Certain infectious and parasitic diseases,68409
2012,Neoplasms,597679
2012,Diseases of the blood and blood-forming organs and certain disorders involving the immune mechanism,10474
2012,"Endocrine, nutritional and metabolic diseases",105926
2012,Mental and behavioural disorders,147917
2012,Diseases of the nervous system,146187
2012,Diseases of the eye and adnexa,59
2012,Diseases of the ear and mastoid process,65
2012,Diseases of the circulatory system,787431
2012,Diseases of the respiratory system,246311
2012,Diseases of the digestive system,95284
2012,Diseases of the skin and subcutaneous tissue,4201
2012,Diseases of the musculoskeletal system and connective tissue,13725
2012,Diseases of the genitourinary system,62030
2012,"Pregnancy, childbirth and the puerperium",990
2012,Certain conditions originating in the perinatal period,11917
2012,"Congenital malformations, deformations and chromosomal abnormalities",9636
2012,"Symptoms, signs and abnormal clinical and laboratory findings, not elsewhere classified",42050
2012,Codes for special purposes,0
2012,External causes of morbidity and mortality,192988
2013,Certain infectious and parasitic diseases,70601
2013,Neoplasms,600113
2013,Diseases of the blood and blood-forming organs and certain disorders involving the immune mechanism,10216
2013,"Endocrine, nutritional and metabolic diseases",109159
2013,Mental and behavioural disorders,156415
2013,Diseases of the nervous system,151784
2013,Diseases of the eye and adnexa,43
2013,Diseases of the ear and mastoid process,71
2013,Diseases of the circulatory system,800937
2013,Diseases of the respiratory system,261071
2013,Diseases of the digestive system,98364
2013,Diseases of the skin and subcutaneous tissue,4330
2013,Diseases of the musculoskeletal system and connective tissue,13534
2013,Diseases of the genitourinary system,64085
2013,"Pregnancy, childbirth and the puerperium",1138
2013,Certain conditions originating in the perinatal period,12084
2013,"Congenital malformations, deformations and chromosomal abnormalities",9583
2013,"Symptoms, signs and abnormal clinical and laboratory findings, not elsewhere classified",37752
2013,External causes of morbidity and mortality,195710
2014,Certain infectious and parasitic diseases,70413
2014,Neoplasms,607739
2014,Diseases of the blood and blood-forming organs and certain disorders involving the immune mechanism,10744
2014,"Endocrine, nutritional and metabolic diseases",112738
2014,Mental and behavioural disorders,151048
2014,Diseases of the nervous system,165434
2014,Diseases of the eye and adnexa,34
2014,Diseases of the ear and mastoid process,56
2014,Diseases of the circulatory system,807775
2014,Diseases of the respiratory system,258333
2014,Diseases of the digestive system,100975
2014,Diseases of the skin and subcutaneous tissue,4457
2014,Diseases of the musculoskeletal system and connective tissue,13344
2014,Diseases of the genitourinary system,66165
2014,"Pregnancy, childbirth and the puerperium",1123
2014,Certain conditions originating in the perinatal period,11897
2014,"Congenital malformations, deformations and chromosomal abnormalities",9609
2014,"Symptoms, signs and abnormal clinical and laboratory findings, not elsewhere classified",32242
2014,Codes for special purposes,0
2014,External causes of morbidity and mortality,202292
2015,Certain infectious and parasitic diseases,72090
2015,Neoplasms,612207
2015,Diseases of the blood and blood-forming organs and certain disorders involving the immune mechanism,10699
2015,"Endocrine, nutritional and metabolic diseases",118532
2015,Mental and behavioural disorders,136656
2015,Diseases of the nervous system,190512
2015,Diseases of the eye and adnexa,45
2015,Diseases of the ear and mastoid process,81
2015,Diseases of the circulatory system,836546
2015,Diseases of the respiratory system,271229
2015,Diseases of the digestive system,104624
2015,Diseases of the skin and subcutaneous tissue,4759
2015,Diseases of the musculoskeletal system and connective tissue,13669
2015,Diseases of the genitourinary system,69373
2015,"Pregnancy, childbirth and the puerperium",1140
2015,Certain conditions originating in the perinatal period,11715
2015,"Congenital malformations, deformations and chromosomal abnormalities",10017
2015,"Symptoms, signs and abnormal clinical and laboratory findings, not elsewhere classified",32042
2015,External causes of morbidity and mortality,216689
2016,Certain infectious and parasitic diseases,70052
2016,Neoplasms,613832
2016,Diseases of the blood and blood-forming organs and certain disorders involving the immune mechanism,10927
2016,"Endocrine, nutritional and metabolic diseases",121258
2016,Mental and behavioural disorders,132604
2016,Diseases of the nervous system,202352
2016,Diseases of the eye and adnexa,47
2016,Diseases of the ear and mastoid process,83
2016,Diseases of the circulatory system,840678
2016,Diseases of the respiratory system,266037
2016,Diseases of the digestive system,105916
2016,Diseases of the skin and subcutaneous tissue,4925
2016,Diseases of the musculoskeletal system and connective tissue,13799
2016,Diseases of the genitourinary system,70316
2016,"Pregnancy, childbirth and the puerperium",1231
2016,Certain conditions originating in the perinatal period,11493
2016,"Congenital malformations, deformations and chromosomal abnormalities",10131
2016,"Symptoms, signs and abnormal clinical and laboratory findings, not elsewhere classified",33373
2016,Codes for special purposes,0
2016,External causes of morbidity and mortality,235194
2017,Certain infectious and parasitic diseases,69385
2017,Neoplasms,614932
2017,Diseases of the blood and blood-forming organs and certain disorders involving the immune mechanism,10790
2017,"Endocrine, nutritional and metabolic diseases",127947
2017,Mental and behavioural disorders,135772
2017,Diseases of the nervous system,216353
2017,Diseases of the eye and adnexa,48
2017,Diseases of the ear and mastoid process,73
2017,Diseases of the circulatory system,859125
2017,Diseases of the respiratory system,278673
2017,Diseases of the digestive system,107653
2017,Diseases of the skin and subcutaneous tissue,4993
2017,Diseases of the musculoskeletal system and connective tissue,13840
2017,Diseases of the genitourinary system,71453
2017,"Pregnancy, childbirth and the puerperium",1208
2017,Certain conditions originating in the perinatal period,11108
2017,"Congenital malformations, deformations and chromosomal abnormalities",9902
2017,"Symptoms, signs and abnormal clinical and laboratory findings, not elsewhere classified",32750
2017,External causes of morbidity and mortality,247496
2018,Certain infectious and parasitic diseases,67971
2018,Neoplasms,614914
2018,Diseases of the blood and blood-forming organs and certain disorders involving the immune mechanism,10906
2018,"Endocrine, nutritional and metabolic diseases",133156
2018,Mental and behavioural disorders,135426
2018,Diseases of the nervous system,224937
2018,Diseases of the eye and adnexa,66
2018,Diseases of the ear and mastoid process,80
2018,Diseases of the circulatory system,868662
2018,Diseases of the respiratory system,282641
2018,Diseases of the digestive system,109780
2018,Diseases of the skin and subcutaneous tissue,5208
2018,Diseases of the musculoskeletal system and connective tissue,13788
2018,Diseases of the genitourinary system,72526
2018,"Pregnancy, childbirth and the puerperium",973
2018,Certain conditions originating in the perinatal period,10718
2018,"Congenital malformations, deformations and chromosomal abnormalities",9729
2018,"Symptoms, signs and abnormal clinical and laboratory findings, not elsewhere classified",32537
2018,External causes of morbidity and mortality,245186
2019,Certain infectious and parasitic diseases,64706
2019,Neoplasms,615191
2019,Diseases of the blood and blood-forming organs and certain disorders involving the immune mechanism,10815
2019,"Endocrine, nutritional and metabolic diseases",140107
2019,Mental and behavioural disorders,133959
2019,Diseases of the nervous system,233715
2019,Diseases of the eye and adnexa,56
2019,Diseases of the ear and mastoid process,90
2019,Diseases of the circulatory system,874613
2019,Diseases of the respiratory system,271026
2019,Diseases of the digestive system,112894
2019,Diseases of the skin and subcutaneous tissue,5229
2019,Diseases of the musculoskeletal system and connective tissue,14553
2019,Diseases of the genitourinary system,72871
2019,"Pregnancy, childbirth and the puerperium",1103
2019,Certain conditions originating in the perinatal period,10412
2019,"Congenital malformations, deformations and chromosomal abnormalities",9713
2019,"Symptoms, signs and abnormal clinical and laboratory findings, not elsewhere classified",32408
2019,Codes for special purposes,27
2019,External causes of morbidity and mortality,251350
2020,Certain infectious and parasitic diseases,68316
2020,Neoplasms,618579
2020,Diseases of the blood and blood-forming organs and certain disorders involving the immune mechanism,11466
2020,"Endocrine, nutritional and metabolic diseases",164128
2020,Mental and behavioural disorders,148432
2020,Diseases of the nervous system,262344
2020,Diseases of the eye and adnexa,52
2020,Diseases of the ear and mastoid process,86
2020,Diseases of the circulatory system,928741
2020,Diseases of the respiratory system,270506
2020,Diseases of the digestive system,123940
2020,Diseases of the skin and subcutaneous tissue,5689
2020,Diseases of the musculoskeletal system and connective tissue,15421
2020,Diseases of the genitourinary system,76772
2020,"Pregnancy, childbirth and the puerperium",1288
2020,Certain conditions originating in the perinatal period,9672
2020,"Congenital malformations, deformations and chromosomal abnormalities",9573
2020,"Symptoms, signs and abnormal clinical and laboratory findings, not elsewhere classified",34098
2020,Codes for special purposes,350921
2020,External causes of morbidity and mortality,283705
