week_end,pathogen_target,median_wval
2022-01-01,Influenza A virus,2.95
2022-01-01,SARS-CoV-2,17.23
2022-01-08,Influenza A virus,2.95
2022-01-08,SARS-CoV-2,20.53
2022-01-15,Influenza A virus,2.95
2022-01-15,SARS-CoV-2,21.82
2022-01-22,Influenza A virus,2.83
2022-01-22,SARS-CoV-2,19.87
2022-01-29,Influenza A virus,3.005
2022-01-29,SARS-CoV-2,14.71
2022-02-05,Influenza A virus,3.025
2022-02-05,SARS-CoV-2,9.03
2022-02-12,Influenza A virus,3.22
2022-02-12,SARS-CoV-2,5.57
2022-02-19,Influenza A virus,3.33
2022-02-19,SARS-CoV-2,4.24
2022-02-26,Influenza A virus,3.06
2022-02-26,SARS-CoV-2,2.5549999999999997
2022-03-05,Influenza A virus,3.0
2022-03-05,RSV,1.0
2022-03-05,SARS-CoV-2,1.935
2022-03-12,Influenza A virus,3.53
2022-03-12,RSV,1.48
2022-03-12,SARS-CoV-2,1.43
2022-03-19,Influenza A virus,3.8049999999999997
2022-03-19,RSV,1.0
2022-03-19,SARS-CoV-2,1.34
2022-03-26,Influenza A virus,3.63
2022-03-26,RSV,1.245
2022-03-26,SARS-CoV-2,1.31
2022-04-02,Influenza A virus,3.745
2022-04-02,RSV,1.375
2022-04-02,SARS-CoV-2,1.4
2022-04-09,Influenza A virus,3.28
2022-04-09,RSV,1.53
2022-04-09,SARS-CoV-2,1.72
2022-04-16,Influenza A virus,2.39
2022-04-16,RSV,1.66
2022-04-16,SARS-CoV-2,2.2350000000000003
2022-04-23,Influenza A virus,2.85
2022-04-23,RSV,1.0
2022-04-23,SARS-CoV-2,3.22
2022-04-30,Influenza A virus,3.71
2022-04-30,RSV,1.3199999999999998
2022-04-30,SARS-CoV-2,4.105
2022-05-07,Influenza A virus,3.49
2022-05-07,RSV,1.0
2022-05-07,SARS-CoV-2,4.96
2022-05-14,Influenza A virus,3.395
2022-05-14,RSV,1.35
2022-05-14,SARS-CoV-2,5.77
2022-05-21,Influenza A virus,3.75
2022-05-21,RSV,1.0
2022-05-21,SARS-CoV-2,7.23
2022-05-28,Influenza A virus,4.235
2022-05-28,RSV,1.0
2022-05-28,SARS-CoV-2,7.645
2022-06-04,Influenza A virus,4.29
2022-06-04,RSV,1.0
2022-06-04,SARS-CoV-2,7.725
2022-06-11,Influenza A virus,3.25
2022-06-11,RSV,1.0
2022-06-11,SARS-CoV-2,7.1850000000000005
2022-06-18,Influenza A virus,3.275
2022-06-18,RSV,1.0
2022-06-18,SARS-CoV-2,7.125
2022-06-25,Influenza A virus,3.22
2022-06-25,RSV,1.0
2022-06-25,SARS-CoV-2,8.32
2022-07-02,Influenza A virus,1.4249999999999998
2022-07-02,RSV,1.0
2022-07-02,SARS-CoV-2,9.025
2022-07-09,Influenza A virus,1.0
2022-07-09,RSV,1.61
2022-07-09,SARS-CoV-2,10.72
2022-07-16,Influenza A virus,1.0
2022-07-16,RSV,1.68
2022-07-16,SARS-CoV-2,10.475
2022-07-23,Influenza A virus,1.0
2022-07-23,RSV,2.07
2022-07-23,SARS-CoV-2,10.59
2022-07-30,Influenza A virus,1.0
2022-07-30,RSV,1.83
2022-07-30,SARS-CoV-2,10.01
2022-08-06,Influenza A virus,1.0
2022-08-06,RSV,1.47
2022-08-06,SARS-CoV-2,9.67
2022-08-13,Influenza A virus,1.0
2022-08-13,RSV,1.37
2022-08-13,SARS-CoV-2,8.08
2022-08-20,Influenza A virus,1.0
2022-08-20,RSV,1.83
2022-08-20,SARS-CoV-2,8.25
2022-08-27,Influenza A virus,1.0
2022-08-27,RSV,1.9249999999999998
2022-08-27,SARS-CoV-2,7.6
2022-09-03,Influenza A virus,1.0
2022-09-03,RSV,3.3
2022-09-03,SARS-CoV-2,6.88
2022-09-10,Influenza A virus,1.2
2022-09-10,RSV,3.39
2022-09-10,SARS-CoV-2,6.77
2022-09-17,Influenza A virus,1.0
2022-09-17,RSV,3.7
2022-09-17,SARS-CoV-2,6.02
2022-09-24,Influenza A virus,1.0
2022-09-24,RSV,3.87
2022-09-24,SARS-CoV-2,5.64
2022-10-01,Influenza A virus,1.0
2022-10-01,RSV,4.445
2022-10-01,SARS-CoV-2,4.585
2022-10-08,Influenza A virus,1.0
2022-10-08,RSV,4.7
2022-10-08,SARS-CoV-2,4.175
2022-10-15,Influenza A virus,1.0
2022-10-15,RSV,6.04
2022-10-15,SARS-CoV-2,4.28
2022-10-22,Influenza A virus,1.0
2022-10-22,RSV,6.4350000000000005
2022-10-22,SARS-CoV-2,4.34
2022-10-29,Influenza A virus,1.42
2022-10-29,RSV,7.2
2022-10-29,SARS-CoV-2,5.04
2022-11-05,Influenza A virus,2.82
2022-11-05,RSV,8.035
2022-11-05,SARS-CoV-2,5.2
2022-11-12,Influenza A virus,4.25
2022-11-12,RSV,9.774999999999999
2022-11-12,SARS-CoV-2,4.98
2022-11-19,Influenza A virus,6.9350000000000005
2022-11-19,RSV,10.684999999999999
2022-11-19,SARS-CoV-2,5.755
2022-11-26,Influenza A virus,11.61
2022-11-26,RSV,9.78
2022-11-26,SARS-CoV-2,7.08
2022-12-03,Influenza A virus,14.84
2022-12-03,RSV,12.73
2022-12-03,SARS-CoV-2,9.2
2022-12-10,Influenza A virus,13.329999999999998
2022-12-10,RSV,10.35
2022-12-10,SARS-CoV-2,9.21
2022-12-17,Influenza A virus,12.79
2022-12-17,RSV,11.83
2022-12-17,SARS-CoV-2,9.565000000000001
2022-12-24,Influenza A virus,11.22
2022-12-24,RSV,10.34
2022-12-24,SARS-CoV-2,10.01
2022-12-31,Influenza A virus,9.405000000000001
2022-12-31,RSV,8.69
2022-12-31,SARS-CoV-2,11.84
2023-01-07,Influenza A virus,5.025
2023-01-07,RSV,7.65
2023-01-07,SARS-CoV-2,8.15
2023-01-14,Influenza A virus,3.275
2023-01-14,RSV,7.41
2023-01-14,SARS-CoV-2,6.6
2023-01-21,Influenza A virus,2.645
2023-01-21,RSV,5.74
2023-01-21,SARS-CoV-2,6.0
2023-01-28,Influenza A virus,2.185
2023-01-28,RSV,5.545
2023-01-28,SARS-CoV-2,5.93
2023-02-04,Influenza A virus,1.8650000000000002
2023-02-04,RSV,4.99
2023-02-04,SARS-CoV-2,6.4399999999999995
2023-02-11,Influenza A virus,1.45
2023-02-11,RSV,4.75
2023-02-11,SARS-CoV-2,6.97
2023-02-18,Influenza A virus,1.3
2023-02-18,RSV,4.19
2023-02-18,SARS-CoV-2,6.57
2023-02-25,Influenza A virus,1.0
2023-02-25,RSV,3.685
2023-02-25,SARS-CoV-2,6.32
2023-03-04,Influenza A virus,1.0
2023-03-04,RSV,2.59
2023-03-04,SARS-CoV-2,4.865
2023-03-11,Influenza A virus,1.0
2023-03-11,RSV,2.35
2023-03-11,SARS-CoV-2,4.205
2023-03-18,Influenza A virus,1.0
2023-03-18,RSV,1.745
2023-03-18,SARS-CoV-2,4.52
2023-03-25,Influenza A virus,1.0
2023-03-25,RSV,1.56
2023-03-25,SARS-CoV-2,4.46
2023-04-01,Influenza A virus,1.0
2023-04-01,RSV,1.44
2023-04-01,SARS-CoV-2,3.12
2023-04-08,Influenza A virus,1.0
2023-04-08,RSV,1.3
2023-04-08,SARS-CoV-2,2.585
2023-04-15,Influenza A virus,1.0
2023-04-15,RSV,1.0
2023-04-15,SARS-CoV-2,2.64
2023-04-22,Influenza A virus,1.0
2023-04-22,RSV,1.0
2023-04-22,SARS-CoV-2,2.11
2023-04-29,Influenza A virus,1.0
2023-04-29,RSV,1.0
2023-04-29,SARS-CoV-2,1.9
2023-05-06,Influenza A virus,1.0
2023-05-06,RSV,1.0
2023-05-06,SARS-CoV-2,1.81
2023-05-13,Influenza A virus,1.0
2023-05-13,RSV,1.0
2023-05-13,SARS-CoV-2,1.85
2023-05-20,Influenza A virus,1.0
2023-05-20,RSV,1.0
2023-05-20,SARS-CoV-2,1.7
2023-05-27,Influenza A virus,1.0
2023-05-27,RSV,1.0
2023-05-27,SARS-CoV-2,1.64
2023-06-03,Influenza A virus,1.0
2023-06-03,RSV,1.0
2023-06-03,SARS-CoV-2,1.42
2023-06-10,Influenza A virus,1.0
2023-06-10,RSV,1.0
2023-06-10,SARS-CoV-2,1.24
2023-06-17,Influenza A virus,1.0
2023-06-17,RSV,1.0
2023-06-17,SARS-CoV-2,1.17
2023-06-24,Influenza A virus,1.0
2023-06-24,RSV,1.0
2023-06-24,SARS-CoV-2,1.38
2023-07-01,Influenza A virus,1.0
2023-07-01,RSV,1.0
2023-07-01,SARS-CoV-2,1.65
2023-07-08,Influenza A virus,1.0
2023-07-08,RSV,1.0
2023-07-08,SARS-CoV-2,2.08
2023-07-15,Influenza A virus,1.0
2023-07-15,RSV,1.0
2023-07-15,SARS-CoV-2,2.2350000000000003
2023-07-22,Influenza A virus,1.0
2023-07-22,RSV,1.0
2023-07-22,SARS-CoV-2,2.58
2023-07-29,Influenza A virus,1.0
2023-07-29,RSV,1.0
2023-07-29,SARS-CoV-2,3.09
2023-08-05,Influenza A virus,1.0
2023-08-05,RSV,1.0
2023-08-05,SARS-CoV-2,3.84
2023-08-12,Influenza A virus,1.0
2023-08-12,RSV,1.0
2023-08-12,SARS-CoV-2,4.745
2023-08-19,Influenza A virus,1.0
2023-08-19,RSV,1.0
2023-08-19,SARS-CoV-2,5.06
2023-08-26,Influenza A virus,1.0
2023-08-26,RSV,1.0
2023-08-26,SARS-CoV-2,5.855
2023-09-02,Influenza A virus,1.0
2023-09-02,RSV,1.0
2023-09-02,SARS-CoV-2,6.63
2023-09-09,Influenza A virus,1.0
2023-09-09,RSV,1.0
2023-09-09,SARS-CoV-2,7.64
2023-09-16,Influenza A virus,1.0
2023-09-16,RSV,1.0
2023-09-16,SARS-CoV-2,6.52
2023-09-23,Influenza A virus,1.0
2023-09-23,RSV,1.0
2023-09-23,SARS-CoV-2,6.88
2023-09-30,Influenza A virus,1.0
2023-09-30,RSV,1.0
2023-09-30,SARS-CoV-2,6.33
2023-10-07,Influenza A virus,1.0
2023-10-07,RSV,1.54
2023-10-07,SARS-CoV-2,6.115
2023-10-14,Influenza A virus,1.0
2023-10-14,RSV,1.14
2023-10-14,SARS-CoV-2,5.27
2023-10-21,Influenza A virus,1.0
2023-10-21,RSV,1.68
2023-10-21,SARS-CoV-2,5.32
2023-10-28,Influenza A virus,1.0
2023-10-28,RSV,2.36
2023-10-28,SARS-CoV-2,5.36
2023-11-04,Influenza A virus,1.0
2023-11-04,RSV,3.29
2023-11-04,SARS-CoV-2,5.47
2023-11-11,Influenza A virus,1.0750000000000002
2023-11-11,RSV,4.74
2023-11-11,SARS-CoV-2,6.13
2023-11-18,Influenza A virus,1.79
2023-11-18,RSV,6.51
2023-11-18,SARS-CoV-2,6.6
2023-11-25,Influenza A virus,2.13
2023-11-25,RSV,6.98
2023-11-25,SARS-CoV-2,7.65
2023-12-02,Influenza A virus,3.4
2023-12-02,RSV,9.66
2023-12-02,SARS-CoV-2,9.14
2023-12-09,Influenza A virus,3.74
2023-12-09,RSV,9.7
2023-12-09,SARS-CoV-2,9.785
2023-12-16,Influenza A virus,4.735
2023-12-16,RSV,9.69
2023-12-16,SARS-CoV-2,10.8
2023-12-23,Influenza A virus,6.78
2023-12-23,RSV,9.57
2023-12-23,SARS-CoV-2,12.34
2023-12-30,Influenza A virus,9.675
2023-12-30,RSV,10.57
2023-12-30,SARS-CoV-2,14.26
2024-01-06,Influenza A virus,7.8
2024-01-06,RSV,13.05
2024-01-06,SARS-CoV-2,14.445
2024-01-13,Influenza A virus,6.3100000000000005
2024-01-13,RSV,9.65
2024-01-13,SARS-CoV-2,10.325
2024-01-20,Influenza A virus,5.81
2024-01-20,RSV,7.57
2024-01-20,SARS-CoV-2,9.09
2024-01-27,Influenza A virus,5.395
2024-01-27,RSV,6.22
2024-01-27,SARS-CoV-2,8.69
2024-02-03,Influenza A virus,4.0
2024-02-03,RSV,4.9
2024-02-03,SARS-CoV-2,6.63
2024-02-10,Influenza A virus,4.97
2024-02-10,RSV,5.5
2024-02-10,SARS-CoV-2,7.38
2024-02-17,Influenza A virus,4.545
2024-02-17,RSV,5.175
2024-02-17,SARS-CoV-2,7.38
2024-02-24,Influenza A virus,4.62
2024-02-24,RSV,4.415
2024-02-24,SARS-CoV-2,7.109999999999999
2024-03-02,Influenza A virus,4.1
2024-03-02,RSV,4.0
2024-03-02,SARS-CoV-2,5.94
2024-03-09,Influenza A virus,3.05
2024-03-09,RSV,3.075
2024-03-09,SARS-CoV-2,4.42
2024-03-16,Influenza A virus,2.02
2024-03-16,RSV,2.55
2024-03-16,SARS-CoV-2,3.31
2024-03-23,Influenza A virus,2.04
2024-03-23,RSV,2.365
2024-03-23,SARS-CoV-2,3.06
2024-03-30,Influenza A virus,1.94
2024-03-30,RSV,1.61
2024-03-30,SARS-CoV-2,2.75
2024-04-06,Influenza A virus,1.49
2024-04-06,RSV,1.44
2024-04-06,SARS-CoV-2,2.205
2024-04-13,Influenza A virus,1.55
2024-04-13,RSV,1.0
2024-04-13,SARS-CoV-2,2.15
2024-04-20,Influenza A virus,1.0
2024-04-20,RSV,1.0
2024-04-20,SARS-CoV-2,1.74
2024-04-27,Influenza A virus,1.0
2024-04-27,RSV,1.0
2024-04-27,SARS-CoV-2,1.68
2024-05-04,Influenza A virus,1.0
2024-05-04,RSV,1.0
2024-05-04,SARS-CoV-2,1.5750000000000002
2024-05-11,Influenza A virus,1.0
2024-05-11,RSV,1.0
2024-05-11,SARS-CoV-2,1.58
2024-05-18,Influenza A virus,1.0
2024-05-18,RSV,1.0
2024-05-18,SARS-CoV-2,1.86
2024-05-25,Influenza A virus,1.0
2024-05-25,RSV,1.0
2024-05-25,SARS-CoV-2,2.05
2024-06-01,Influenza A virus,1.0
2024-06-01,RSV,1.0
2024-06-01,SARS-CoV-2,2.37
2024-06-08,Influenza A virus,1.0
2024-06-08,RSV,1.0
2024-06-08,SARS-CoV-2,2.7
2024-06-15,Influenza A virus,1.0
2024-06-15,RSV,1.0
2024-06-15,SARS-CoV-2,3.335
2024-06-22,Influenza A virus,1.0
2024-06-22,RSV,1.0
2024-06-22,SARS-CoV-2,4.295
2024-06-29,Influenza A virus,1.0
2024-06-29,RSV,1.0
2024-06-29,SARS-CoV-2,5.06
2024-07-06,Influenza A virus,1.0
2024-07-06,RSV,1.0
2024-07-06,SARS-CoV-2,5.94
2024-07-13,Influenza A virus,1.0
2024-07-13,RSV,1.0
2024-07-13,SARS-CoV-2,6.83
2024-07-20,Influenza A virus,1.0
2024-07-20,RSV,1.0
2024-07-20,SARS-CoV-2,7.9
2024-07-27,Influenza A virus,1.0
2024-07-27,RSV,1.0
2024-07-27,SARS-CoV-2,8.78
2024-08-03,Influenza A virus,1.0
2024-08-03,RSV,1.0
2024-08-03,SARS-CoV-2,10.74
2024-08-10,Influenza A virus,1.0
2024-08-10,RSV,1.0
2024-08-10,SARS-CoV-2,10.18
2024-08-17,Influenza A virus,1.0
2024-08-17,RSV,1.0
2024-08-17,SARS-CoV-2,10.42
2024-08-24,Influenza A virus,1.0
2024-08-24,RSV,1.0
2024-08-24,SARS-CoV-2,10.62
2024-08-31,Influenza A virus,1.0
2024-08-31,RSV,1.0
2024-08-31,SARS-CoV-2,10.645
2024-09-07,Influenza A virus,1.0
2024-09-07,RSV,1.0
2024-09-07,SARS-CoV-2,10.22
2024-09-14,Influenza A virus,1.0
2024-09-14,RSV,1.0
2024-09-14,SARS-CoV-2,9.38
2024-09-21,Influenza A virus,1.0
2024-09-21,RSV,1.0
2024-09-21,SARS-CoV-2,7.25
2024-09-28,Influenza A virus,1.0
2024-09-28,RSV,1.0
2024-09-28,SARS-CoV-2,5.55
2024-10-05,Influenza A virus,1.0
2024-10-05,RSV,1.0
2024-10-05,SARS-CoV-2,4.03
2024-10-12,Influenza A virus,1.0
2024-10-12,RSV,1.0
2024-10-12,SARS-CoV-2,3.515
2024-10-19,Influenza A virus,1.0
2024-10-19,RSV,1.0
2024-10-19,SARS-CoV-2,3.08
2024-10-26,Influenza A virus,1.0
2024-10-26,RSV,1.0
2024-10-26,SARS-CoV-2,3.37
2024-11-02,Influenza A virus,1.0
2024-11-02,RSV,1.0
2024-11-02,SARS-CoV-2,2.99
2024-11-09,Influenza A virus,1.0
2024-11-09,RSV,1.0
2024-11-09,SARS-CoV-2,2.5599999999999996
2024-11-16,Influenza A virus,1.0
2024-11-16,RSV,1.0
2024-11-16,SARS-CoV-2,2.65
2024-11-23,Influenza A virus,1.0
2024-11-23,RSV,1.0
2024-11-23,SARS-CoV-2,2.74
2024-11-30,Influenza A virus,1.0
2024-11-30,RSV,1.315
2024-11-30,SARS-CoV-2,2.835
2024-12-07,Influenza A virus,1.97
2024-12-07,RSV,4.16
2024-12-07,SARS-CoV-2,4.31
2024-12-14,Influenza A virus,3.01
2024-12-14,RSV,4.94
2024-12-14,SARS-CoV-2,5.0
2024-12-21,Influenza A virus,5.055
2024-12-21,RSV,5.49
2024-12-21,SARS-CoV-2,5.66
2024-12-28,Influenza A virus,7.51
2024-12-28,RSV,6.7
2024-12-28,SARS-CoV-2,6.76
2025-01-04,Influenza A virus,10.425
2025-01-04,RSV,8.71
2025-01-04,SARS-CoV-2,7.12
2025-01-11,Influenza A virus,11.21
2025-01-11,RSV,10.344999999999999
2025-01-11,SARS-CoV-2,7.06
2025-01-18,Influenza A virus,12.67
2025-01-18,RSV,9.64
2025-01-18,SARS-CoV-2,6.44
2025-01-25,Influenza A virus,18.13
2025-01-25,RSV,9.54
2025-01-25,SARS-CoV-2,6.4
2025-02-01,Influenza A virus,20.244999999999997
2025-02-01,RSV,9.57
2025-02-01,SARS-CoV-2,6.66
2025-02-08,Influenza A virus,19.655
2025-02-08,RSV,7.65
2025-02-08,SARS-CoV-2,6.23
2025-02-15,Influenza A virus,16.58
2025-02-15,RSV,6.86
2025-02-15,SARS-CoV-2,5.66
2025-02-22,Influenza A virus,11.06
2025-02-22,RSV,5.98
2025-02-22,SARS-CoV-2,4.55
2025-03-01,Influenza A virus,8.78
2025-03-01,RSV,5.57
2025-03-01,SARS-CoV-2,4.08
2025-03-08,Influenza A virus,6.51
2025-03-08,RSV,4.62
2025-03-08,SARS-CoV-2,4.2
2025-03-15,Influenza A virus,3.92
2025-03-15,RSV,3.5549999999999997
2025-03-15,SARS-CoV-2,4.03
2025-03-22,Influenza A virus,2.39
2025-03-22,RSV,2.62
2025-03-22,SARS-CoV-2,3.52
2025-03-29,Influenza A virus,1.51
2025-03-29,RSV,1.915
2025-03-29,SARS-CoV-2,3.635
2025-04-05,Influenza A virus,1.0
2025-04-05,RSV,1.04
2025-04-05,SARS-CoV-2,3.15
2025-04-12,Influenza A virus,1.0
2025-04-12,RSV,1.0
2025-04-12,SARS-CoV-2,2.49
2025-04-19,Influenza A virus,1.0
2025-04-19,RSV,1.0
2025-04-19,SARS-CoV-2,2.8
2025-04-26,Influenza A virus,1.0
2025-04-26,RSV,1.0
2025-04-26,SARS-CoV-2,2.91
2025-05-03,Influenza A virus,1.0
2025-05-03,RSV,1.0
2025-05-03,SARS-CoV-2,2.52
2025-05-10,Influenza A virus,1.0
2025-05-10,RSV,1.0
2025-05-10,SARS-CoV-2,2.065
2025-05-17,Influenza A virus,1.0
2025-05-17,RSV,1.0
2025-05-17,SARS-CoV-2,2.07
2025-05-24,Influenza A virus,1.0
2025-05-24,RSV,1.0
2025-05-24,SARS-CoV-2,2.08
2025-05-31,Influenza A virus,1.0
2025-05-31,RSV,1.0
2025-05-31,SARS-CoV-2,2.08
2025-06-07,Influenza A virus,1.0
2025-06-07,RSV,1.0
2025-06-07,SARS-CoV-2,2.07
2025-06-14,Influenza A virus,1.0
2025-06-14,RSV,1.0
2025-06-14,SARS-CoV-2,1.955
2025-06-21,Influenza A virus,1.0
2025-06-21,RSV,1.0
2025-06-21,SARS-CoV-2,1.77
2025-06-28,Influenza A virus,1.0
2025-06-28,RSV,1.0
2025-06-28,SARS-CoV-2,2.05
2025-07-05,Influenza A virus,1.0
2025-07-05,RSV,1.0
2025-07-05,SARS-CoV-2,2.03
2025-07-12,Influenza A virus,1.0
2025-07-12,RSV,1.0
2025-07-12,SARS-CoV-2,2.5
2025-07-19,Influenza A virus,1.0
2025-07-19,RSV,1.0
2025-07-19,SARS-CoV-2,2.61
2025-07-26,Influenza A virus,1.0
2025-07-26,RSV,1.0
2025-07-26,SARS-CoV-2,3.27
2025-08-02,Influenza A virus,1.0
2025-08-02,RSV,1.0
2025-08-02,SARS-CoV-2,3.8099999999999996
2025-08-09,Influenza A virus,1.0
2025-08-09,RSV,1.0
2025-08-09,SARS-CoV-2,4.95
2025-08-16,Influenza A virus,1.0
2025-08-16,RSV,1.0
2025-08-16,SARS-CoV-2,5.4
2025-08-23,Influenza A virus,1.0
2025-08-23,RSV,1.0
2025-08-23,SARS-CoV-2,5.72
2025-08-30,Influenza A virus,1.0
2025-08-30,RSV,1.0
2025-08-30,SARS-CoV-2,6.585
2025-09-06,Influenza A virus,1.0
2025-09-06,RSV,1.0
2025-09-06,SARS-CoV-2,8.24
2025-09-13,Influenza A virus,1.0
2025-09-13,RSV,1.0
2025-09-13,SARS-CoV-2,7.605
2025-09-20,Influenza A virus,1.0
2025-09-20,RSV,1.0
2025-09-20,SARS-CoV-2,6.25
2025-09-27,Influenza A virus,1.0
2025-09-27,RSV,1.0
2025-09-27,SARS-CoV-2,4.43
2025-10-04,Influenza A virus,1.0
2025-10-04,RSV,1.0
2025-10-04,SARS-CoV-2,3.49
2025-10-11,Influenza A virus,1.0
2025-10-11,RSV,1.0
2025-10-11,SARS-CoV-2,2.48
2025-10-18,Influenza A virus,1.0
2025-10-18,RSV,1.0
2025-10-18,SARS-CoV-2,2.06
2025-10-25,Influenza A virus,1.0
2025-10-25,RSV,1.0
2025-10-25,SARS-CoV-2,1.77
2025-11-01,Influenza A virus,1.0
2025-11-01,RSV,1.0
2025-11-01,SARS-CoV-2,1.52
2025-11-08,Influenza A virus,1.0
2025-11-08,RSV,1.0
2025-11-08,SARS-CoV-2,1.835
2025-11-15,Influenza A virus,1.0
2025-11-15,RSV,1.0
2025-11-15,SARS-CoV-2,1.82
2025-11-22,Influenza A virus,1.0
2025-11-22,RSV,1.0
2025-11-22,SARS-CoV-2,1.91
2025-11-29,Influenza A virus,1.0
2025-11-29,RSV,1.0
2025-11-29,SARS-CoV-2,1.84
2025-12-06,Influenza A virus,1.11
2025-12-06,RSV,1.0
2025-12-06,SARS-CoV-2,2.715
2025-12-13,Influenza A virus,2.92
2025-12-13,RSV,1.0
2025-12-13,SARS-CoV-2,2.85
2025-12-20,Influenza A virus,6.21
2025-12-20,RSV,1.0
2025-12-20,SARS-CoV-2,3.78
2025-12-27,Influenza A virus,10.39
2025-12-27,RSV,1.0
2025-12-27,SARS-CoV-2,4.0600000000000005
2026-01-03,Influenza A virus,10.735
2026-01-03,RSV,2.005
2026-01-03,SARS-CoV-2,5.03
2026-01-10,Influenza A virus,8.26
2026-01-10,RSV,3.46
2026-01-10,SARS-CoV-2,5.095
2026-01-17,Influenza A virus,4.37
2026-01-17,RSV,2.23
2026-01-17,SARS-CoV-2,3.61
2026-01-24,Influenza A virus,4.885
2026-01-24,RSV,3.495
2026-01-24,SARS-CoV-2,4.49
2026-01-31,Influenza A virus,5.18
2026-01-31,RSV,3.69
2026-01-31,SARS-CoV-2,4.41
2026-02-07,Influenza A virus,4.32
2026-02-07,RSV,4.74
2026-02-07,SARS-CoV-2,4.45
2026-02-14,Influenza A virus,3.2649999999999997
2026-02-14,RSV,5.24
2026-02-14,SARS-CoV-2,4.38
2026-02-21,Influenza A virus,2.26
2026-02-21,RSV,4.91
2026-02-21,SARS-CoV-2,3.58
2026-02-28,Influenza A virus,1.39
2026-02-28,RSV,5.4399999999999995
2026-02-28,SARS-CoV-2,3.21
2026-03-07,Influenza A virus,1.0
2026-03-07,RSV,5.015
2026-03-07,SARS-CoV-2,2.78
2026-03-14,Influenza A virus,1.0
2026-03-14,RSV,3.41
2026-03-14,SARS-CoV-2,1.74
2026-03-21,Influenza A virus,1.0
2026-03-21,RSV,3.19
2026-03-21,SARS-CoV-2,1.74
2026-03-28,Influenza A virus,1.0
2026-03-28,RSV,2.37
2026-03-28,SARS-CoV-2,1.6
2026-04-04,Influenza A virus,1.0
2026-04-04,RSV,1.85
2026-04-04,SARS-CoV-2,1.435
2026-04-11,Influenza A virus,1.0
2026-04-11,RSV,1.19
2026-04-11,SARS-CoV-2,1.1150000000000002
2026-04-18,Influenza A virus,1.0
2026-04-18,RSV,1.0
2026-04-18,SARS-CoV-2,1.0
2026-04-25,Influenza A virus,1.0
2026-04-25,RSV,1.0
2026-04-25,SARS-CoV-2,1.0
2026-05-02,Influenza A virus,1.0
2026-05-02,RSV,1.0
2026-05-02,SARS-CoV-2,1.0
2026-05-09,Influenza A virus,1.0
2026-05-09,RSV,1.0
2026-05-09,SARS-CoV-2,1.0
2026-05-16,Influenza A virus,1.0
2026-05-16,RSV,1.0
2026-05-16,SARS-CoV-2,1.0
2026-05-23,Influenza A virus,1.0
2026-05-23,RSV,1.0
2026-05-23,SARS-CoV-2,1.0
2026-05-30,Influenza A virus,1.0
2026-05-30,RSV,1.0
2026-05-30,SARS-CoV-2,1.0
2026-06-06,Influenza A virus,1.0
2026-06-06,RSV,1.0
2026-06-06,SARS-CoV-2,1.0
2026-06-13,Influenza A virus,1.0
2026-06-13,RSV,1.0
2026-06-13,SARS-CoV-2,1.0
2026-06-20,Influenza A virus,1.0
2026-06-20,RSV,1.0
2026-06-20,SARS-CoV-2,1.0
2026-06-27,Influenza A virus,1.0
2026-06-27,RSV,1.0
2026-06-27,SARS-CoV-2,1.0
2026-07-04,Influenza A virus,1.0
2026-07-04,RSV,1.0
2026-07-04,SARS-CoV-2,1.0
2026-07-11,Influenza A virus,1.0
2026-07-11,RSV,1.0
2026-07-11,SARS-CoV-2,1.0
2026-07-18,Influenza A virus,1.0
2026-07-18,RSV,1.0
2026-07-18,SARS-CoV-2,1.0
2026-07-25,Influenza A virus,1.0
2026-07-25,RSV,1.0
2026-07-25,SARS-CoV-2,1.0
2026-08-01,Influenza A virus,1.0
2026-08-01,RSV,1.0
2026-08-01,SARS-CoV-2,1.0
2026-08-08,Influenza A virus,1.0
2026-08-08,RSV,1.0
2026-08-08,SARS-CoV-2,1.15
2026-08-15,Influenza A virus,1.0
2026-08-15,RSV,1.0
2026-08-15,SARS-CoV-2,1.5550000000000002
2026-08-22,Influenza A virus,1.0
2026-08-22,RSV,1.0
2026-08-22,SARS-CoV-2,1.98
2026-08-29,Influenza A virus,1.0
2026-08-29,RSV,1.0
2026-08-29,SARS-CoV-2,2.33
2026-09-05,Influenza A virus,1.0
2026-09-05,RSV,1.0
2026-09-05,SARS-CoV-2,2.73
2026-09-12,Influenza A virus,1.0
2026-09-12,RSV,1.0
2026-09-12,SARS-CoV-2,3.01
2026-09-19,Influenza A virus,1.0
2026-09-19,RSV,1.0
2026-09-19,SARS-CoV-2,3.12
2026-09-26,Influenza A virus,1.0
2026-09-26,RSV,1.0
2026-09-26,SARS-CoV-2,2.525
