date,covid_new_admissions,flu_new_admissions,rsv_new_admissions,covid_inpatients,flu_inpatients,rsv_inpatients,covid_icu,flu_icu,rsv_icu
2020-08-08,38896,0,0,61322,2,0,17509,2,0
2020-08-15,36366,0,0,54768,0,0,15785,0,0
2020-08-22,36742,0,0,49487,0,0,14121,0,0
2020-08-29,35253,0,0,42358,0,0,12556,0,0
2020-09-05,32713,0,0,38092,0,0,11183,0,0
2020-09-12,29702,0,0,31965,0,0,10325,0,0
2020-09-19,27641,0,0,29192,0,0,9379,0,0
2020-09-26,27858,0,0,28769,0,0,9006,0,0
2020-10-03,31508,0,0,30770,0,0,9536,0,0
2020-10-10,37169,0,0,33846,0,0,10045,0,0
2020-10-17,40571,4,0,37538,21,0,10800,6,0
2020-10-24,45558,241,0,42146,223,0,11971,47,0
2020-10-31,50490,470,0,47823,346,0,13088,67,0
2020-11-07,58940,519,0,54854,435,0,14621,93,0
2020-11-14,74028,648,0,67816,505,0,16941,98,0
2020-11-21,86304,607,0,82373,558,0,20139,93,0
2020-11-28,90824,684,0,92906,585,0,22860,109,0
2020-12-05,101492,658,0,104058,678,0,25222,114,0
2020-12-12,107690,640,0,111051,682,0,26854,114,0
2020-12-19,112103,765,0,119031,725,0,28504,125,0
2020-12-26,112690,750,0,124467,798,0,29561,149,0
2021-01-02,120099,736,0,132008,792,0,30644,144,0
2021-01-09,127334,595,0,138605,723,0,31681,159,0
2021-01-16,118963,648,0,137589,640,0,32229,162,0
2021-01-23,105385,715,0,126336,522,0,30227,121,0
2021-01-30,89979,551,0,110595,488,0,27130,110,0
2021-02-06,77645,505,0,94083,459,0,24012,88,0
2021-02-13,63403,463,0,78548,461,0,20628,80,0
2021-02-20,51202,480,0,64602,442,0,17228,90,0
2021-02-27,46458,422,0,54002,422,0,14371,84,0
2021-03-06,39011,436,0,44744,382,0,12117,79,0
2021-03-13,37526,454,0,39544,367,0,10652,67,0
2021-03-20,36339,376,0,36937,340,0,9625,57,0
2021-03-27,37809,368,0,36566,339,0,9264,60,0
2021-04-03,39475,383,0,37595,326,0,9364,63,0
2021-04-10,42120,348,0,39643,296,0,9893,52,0
2021-04-17,43890,370,0,41638,291,0,10331,49,0
2021-04-24,41573,472,0,41720,311,0,10600,58,0
2021-05-01,37437,451,0,38671,331,0,10278,56,0
2021-05-08,33159,342,0,34879,305,0,9687,57,0
2021-05-15,28283,274,0,30413,273,0,8720,43,0
2021-05-22,25061,294,0,26185,260,0,7672,42,0
2021-05-29,22534,247,0,22797,242,0,6671,37,0
2021-06-05,18401,251,0,19205,233,0,5808,39,0
2021-06-12,16366,231,0,16304,241,0,4942,38,0
2021-06-19,14682,214,0,14235,216,0,4223,25,0
2021-06-26,13839,203,0,12829,212,0,3842,31,0
2021-07-03,15155,221,0,13350,216,0,3880,28,0
2021-07-10,18514,243,0,15186,231,0,4371,31,0
2021-07-17,25075,292,0,20127,235,0,5697,29,0
2021-07-24,36055,263,0,28875,262,0,8016,31,0
2021-07-31,52642,280,0,43030,284,0,11411,34,0
2021-08-07,70665,349,0,60929,375,0,15899,60,0
2021-08-14,85617,290,0,79837,320,0,20606,53,0
2021-08-21,92676,280,0,93796,292,0,24606,45,0
2021-08-28,94334,262,0,102218,288,0,27206,57,0
2021-09-04,92976,281,0,104341,330,0,28198,57,0
2021-09-11,87898,246,0,102447,308,0,28081,55,0
2021-09-18,78940,261,0,95660,283,0,27055,67,0
2021-09-25,67539,234,0,85663,272,0,24874,56,0
2021-10-02,57869,253,0,74492,253,0,21879,51,0
2021-10-09,51577,341,0,64631,275,0,19180,57,0
2021-10-16,45800,266,0,56114,259,0,18039,39,0
2021-10-23,41333,281,0,50214,268,0,16370,46,0
2021-10-30,38191,263,0,45378,257,0,14422,43,0
2021-11-06,36268,320,0,41937,262,0,12003,47,0
2021-11-13,39107,338,0,41570,318,0,11514,59,0
2021-11-20,41968,366,0,44134,360,0,11843,66,0
2021-11-27,44484,475,0,47177,421,0,12540,68,0
2021-12-04,51189,865,0,52844,588,0,13768,84,0
2021-12-11,56609,1117,0,59155,808,0,14973,121,0
2021-12-18,56027,1301,0,62842,950,0,16061,128,0
2021-12-25,62734,1787,0,64776,1136,0,16368,127,0
2022-01-01,100778,2978,0,84699,1618,0,18058,168,0
2022-01-08,141061,2280,0,120805,1621,0,22050,197,0
2022-01-15,155905,1626,0,147785,1299,0,26027,196,0
2022-01-22,146381,1207,0,151937,1074,0,27249,184,0
2022-01-29,129249,964,0,139574,824,0,25886,144,0
2022-02-05,100245,1089,0,116197,843,0,22966,144,0
2022-02-12,74366,1157,0,89518,863,0,18519,139,0
2022-02-19,51617,1490,0,65889,926,0,13900,122,0
2022-02-26,36024,1603,0,46648,1008,0,10131,142,0
2022-03-05,26294,1785,0,33384,1074,0,7215,155,0
2022-03-12,19955,2085,0,23964,1256,0,5084,173,0
2022-03-19,15054,2610,0,17784,1480,0,3703,199,0
2022-03-26,12216,2898,0,14070,1753,0,2787,233,0
2022-04-02,11198,2998,0,11426,1857,0,2149,267,0
2022-04-09,10706,3128,0,10269,2047,0,1875,275,0
2022-04-16,11474,3289,0,9965,2231,0,1690,293,0
2022-04-23,13026,3446,0,10602,2273,0,1589,290,0
2022-04-30,15111,3174,0,12080,2357,0,1687,289,0
2022-05-07,18497,3162,0,14079,2322,0,1853,303,0
2022-05-14,21361,3112,0,16359,2272,0,2032,274,0
2022-05-21,25281,3116,0,19701,2324,0,2398,285,0
2022-05-28,27396,2728,0,21596,2174,0,2615,291,0
2022-06-04,29106,2674,0,23519,2066,0,2814,278,0
2022-06-11,30681,2201,0,24667,1857,0,3057,263,0
2022-06-18,31715,1774,0,25659,1670,0,3235,242,0
2022-06-25,34059,1365,0,26841,1420,0,3353,222,0
2022-07-02,37535,1073,0,29359,1267,0,3657,204,0
2022-07-09,40836,776,0,32509,1120,0,4136,185,0
2022-07-16,44686,765,0,35794,1041,0,4543,170,0
2022-07-23,47221,627,0,38230,930,0,4858,168,0
2022-07-30,46376,520,0,39228,864,0,5125,156,0
2022-08-06,46183,486,0,38683,832,0,5051,149,0
2022-08-13,43317,489,0,37344,826,0,4978,144,0
2022-08-20,40459,483,0,35414,831,0,4817,147,0
2022-08-27,39109,482,0,33612,854,0,4576,154,0
2022-09-03,36601,545,0,31738,875,0,4309,151,0
2022-09-10,33328,576,0,29966,904,0,4053,158,0
2022-09-17,30480,665,0,27300,950,0,3719,157,0
2022-09-24,28108,795,0,25081,983,0,3425,160,0
2022-10-01,26109,921,0,23285,1079,0,3222,161,0
2022-10-08,24742,1306,0,22269,1257,0,2981,182,0
2022-10-15,24000,1669,0,21619,1360,0,2906,227,0
2022-10-22,24068,2269,0,21544,1436,0,2888,241,0
2022-10-29,24329,4176,0,21877,2238,0,2858,338,0
2022-11-05,25507,6396,0,21900,3439,0,2815,499,0
2022-11-12,29363,8566,0,22312,4791,0,2887,669,0
2022-11-19,25233,10923,0,22257,6043,0,3001,854,0
2022-11-26,27658,18136,0,23626,8956,0,3149,1199,0
2022-12-03,35722,26795,0,29175,15600,0,3707,2149,0
2022-12-10,36496,23974,0,31813,16184,0,4017,2336,0
2022-12-17,38878,21553,0,34104,15407,0,4442,2354,0
2022-12-24,40330,19586,0,34664,13855,0,4537,2126,0
2022-12-31,45714,19437,0,37545,13678,0,4887,2092,0
2023-01-07,45461,14052,0,41346,12207,0,5340,1907,0
2023-01-14,38674,7172,0,37756,7545,0,5067,1264,0
2023-01-21,32465,4482,0,32231,4602,0,4455,815,0
2023-01-28,29012,3087,0,28030,3151,0,3885,538,0
2023-02-04,27212,2588,0,25324,2351,0,3460,396,0
2023-02-11,26871,2170,0,23872,1859,0,3218,339,0
2023-02-18,26046,1902,0,23189,1664,0,3147,295,0
2023-02-25,24680,1645,0,22253,1473,0,3018,271,0
2023-03-04,23106,1500,0,20872,1286,0,2818,231,0
2023-03-11,20835,1369,0,18926,1152,0,2639,216,0
2023-03-18,18959,1410,0,17008,1098,0,2360,200,0
2023-03-25,17875,1328,0,15734,1036,0,2279,199,0
2023-04-01,16360,1290,0,14658,1032,0,2132,205,0
2023-04-08,14892,1196,0,13276,1005,0,1882,186,0
2023-04-15,13767,1077,0,12067,911,0,1689,179,0
2023-04-22,12232,980,0,11121,853,0,1562,173,0
2023-04-29,10445,902,0,9804,826,0,1370,169,0
2023-05-06,10175,989,0,8974,794,0,1231,163,0
2023-05-13,10138,978,0,8320,803,0,1149,148,0
2023-05-20,8814,1115,0,7622,773,0,1124,143,0
2023-05-27,8179,973,0,7177,813,0,1004,166,0
2023-06-03,7804,939,0,6877,860,0,944,166,0
2023-06-10,7462,933,0,6448,817,0,882,152,0
2023-06-17,6994,873,0,6083,754,0,860,156,0
2023-06-24,6702,813,0,5707,748,0,835,153,0
2023-07-01,6841,836,0,5465,737,0,760,158,0
2023-07-08,6976,697,0,5479,705,0,729,152,0
2023-07-15,7614,736,0,5793,725,0,774,149,0
2023-07-22,8386,644,0,6253,738,0,837,149,0
2023-07-29,9478,767,0,7043,621,0,916,147,0
2023-08-05,11164,687,0,8279,628,0,1017,144,0
2023-08-12,13498,703,0,9750,648,0,1199,139,0
2023-08-19,16661,737,0,11408,647,0,1432,143,0
2023-08-26,19670,791,0,13149,678,0,1677,144,0
2023-09-02,20972,873,0,15012,693,0,1984,158,0
2023-09-09,22572,803,0,16472,725,0,2076,154,0
2023-09-16,21837,818,0,16667,745,0,2149,156,0
2023-09-23,20719,878,0,16171,760,0,2141,155,0
2023-09-30,19586,1022,0,15937,816,0,2155,159,0
2023-10-07,18328,1105,0,14982,880,0,2043,166,0
2023-10-14,17485,1214,0,13938,967,0,1848,179,0
2023-10-21,16723,1460,0,13524,1148,0,1801,217,0
2023-10-28,16583,1613,0,13333,1230,0,1726,193,0
2023-11-04,15773,2010,0,12772,1383,0,1700,230,0
2023-11-11,18141,2775,0,13426,1746,0,1778,289,0
2023-11-18,18902,3490,0,14286,2199,0,1861,371,0
2023-11-25,20690,4379,2,15646,2774,0,1989,428,0
2023-12-02,24445,5946,203,17911,3619,147,2267,575,35
2023-12-09,25037,7469,232,19137,4633,183,2429,750,40
2023-12-16,26774,10265,256,20411,6166,188,2649,959,38
2023-12-23,31115,15709,275,22740,8997,153,2962,1385,23
2023-12-30,36566,21662,315,26464,12975,179,3369,2029,22
2024-01-06,37707,19497,281,30266,14601,195,3772,2341,25
2024-01-13,33655,15882,237,28645,12578,191,3693,2059,22
2024-01-20,28202,13287,264,25597,10699,159,3424,1770,21
2024-01-27,25200,12976,260,22363,9645,156,3053,1613,24
2024-02-03,23025,11945,169,20066,8675,139,2708,1498,18
2024-02-10,22301,11618,174,18272,7902,118,2503,1341,20
2024-02-17,21322,11106,130,17083,7816,95,2343,1276,14
2024-02-24,19498,10844,118,16043,7621,92,2187,1232,10
2024-03-02,17134,10786,109,14511,7648,131,2080,1227,13
2024-03-09,14873,9405,101,12603,7100,122,1811,1147,13
2024-03-16,11983,7316,101,10459,5954,84,1517,970,14
2024-03-23,10363,6035,84,8787,4859,72,1287,811,7
2024-03-30,8931,5568,61,7580,4444,67,1098,725,6
2024-04-06,8201,5062,48,6775,4077,50,985,674,6
2024-04-13,7279,4068,40,6149,3457,43,864,551,6
2024-04-20,6401,2936,31,5370,2844,43,751,458,5
2024-04-27,5796,2413,21,4744,2289,32,635,416,4
2024-05-04,3839,1484,12,4466,1821,25,590,243,3
2024-05-11,2401,852,16,2259,992,17,250,112,1
2024-05-18,2228,681,15,1909,648,15,217,77,1
2024-05-25,2283,610,9,1844,570,9,204,79,0
2024-06-01,2356,590,12,1931,516,15,219,62,0
2024-06-08,2585,511,4,1954,447,8,224,49,1
2024-06-15,2938,517,5,2255,407,7,232,52,0
2024-06-22,3466,441,10,2530,400,10,261,49,1
2024-06-29,3837,356,3,3171,350,7,295,44,1
2024-07-06,5026,341,4,3629,289,6,377,32,0
2024-07-13,5661,367,5,4335,300,5,455,36,0
2024-07-20,6248,324,3,4913,281,5,520,41,0
2024-07-27,7033,273,2,5334,264,4,536,38,0
2024-08-03,7396,275,0,5687,234,7,536,32,0
2024-08-10,7749,275,8,6073,232,6,610,29,0
2024-08-17,7967,273,1,6405,237,3,674,27,0
2024-08-24,7993,274,2,6397,216,4,705,28,0
2024-08-31,7742,259,12,6144,188,11,697,16,2
2024-09-07,7305,223,3,6007,191,6,677,25,1
2024-09-14,6877,319,9,5748,217,6,674,29,0
2024-09-21,6168,293,5,5347,217,4,611,28,0
2024-09-28,5333,223,1,4777,206,4,559,21,0
2024-10-05,4197,286,6,3924,212,8,456,22,1
2024-10-12,1989,295,156,1261,189,124,165,21,10
2024-10-19,2159,556,292,2355,522,270,309,72,47
2024-10-26,3002,1087,482,3138,1030,405,479,179,92
2024-11-02,4610,1016,978,4476,678,616,656,115,125
2024-11-09,7952,2176,2603,6475,1157,1262,909,206,245
2024-11-16,7862,2611,3443,5859,1371,1894,874,234,354
2024-11-23,8104,3278,4517,5695,1713,2258,836,295,483
2024-11-30,7901,4436,5825,5653,2210,2770,821,394,621
2024-12-07,9431,6514,6999,6518,3086,3513,960,512,735
2024-12-14,10208,9588,8649,7273,4545,4605,1103,719,913
2024-12-21,11462,16115,10639,7930,7605,5614,1116,1095,1133
2024-12-28,14513,28640,12154,9313,12209,6002,1271,1775,1206
2025-01-04,18796,39626,15924,12844,20945,8337,1752,3147,1603
2025-01-11,15656,31828,12609,13115,21057,8558,1830,3254,1669
2025-01-18,14426,33676,10768,12011,21338,7543,1801,3498,1408
2025-01-25,13367,41400,9488,11492,25295,6786,1598,4046,1286
2025-02-01,13641,52520,9526,11184,32345,6684,1652,5117,1337
2025-02-08,13539,55551,9178,11058,36866,6415,1540,5905,1299
2025-02-15,12224,47793,8165,10455,34355,5988,1529,5817,1199
2025-02-22,10920,39310,7766,9951,30662,5678,1438,5269,1097
2025-03-01,10681,31906,7184,9228,25183,5202,1367,4476,1053
2025-03-08,9992,24679,6485,8405,20037,4582,1201,3648,869
2025-03-15,9387,18840,5760,7988,16027,4180,1153,2927,805
2025-03-22,8752,14029,4814,7593,12217,3597,1139,2293,670
2025-03-29,8186,9960,3799,7030,8981,3027,1014,1610,606
2025-04-05,7094,6980,3188,6404,6698,2575,881,1256,541
2025-04-12,6398,5057,2412,5946,4793,2040,816,964,410
2025-04-19,6027,3966,1943,5361,3482,1616,760,690,348
2025-04-26,5643,3309,1543,5073,2960,1404,684,533,307
2025-05-03,4716,2541,1186,4592,2382,1072,611,453,223
2025-05-10,4163,2182,892,3988,1990,849,556,384,197
2025-05-17,3962,1898,800,3509,1676,693,467,339,154
2025-05-24,3698,1744,610,3465,1474,570,452,281,142
2025-05-31,3849,1850,592,3407,1427,530,459,264,133
2025-06-07,3769,1534,477,3286,1286,467,415,235,112
2025-06-14,3563,1518,418,3149,1242,424,472,248,118
2025-06-21,3820,1362,308,3251,1132,350,439,207,92
2025-06-28,3695,1155,265,3151,1031,311,465,205,76
2025-07-05,3872,1001,238,3198,922,267,486,158,70
2025-07-12,4284,970,243,3323,828,233,445,139,66
2025-07-19,4625,862,249,3565,776,243,472,144,62
2025-07-26,5243,892,264,3963,783,228,511,125,51
2025-08-02,6195,798,240,4598,694,214,572,125,60
2025-08-09,7166,762,211,5161,686,209,621,101,62
2025-08-16,8182,771,241,5942,648,199,680,108,49
2025-08-23,9616,801,239,6721,676,212,839,113,63
2025-08-30,10536,911,255,7542,711,257,977,128,68
2025-09-06,11049,979,326,8430,812,259,1115,130,70
2025-09-13,10504,1012,360,8314,768,279,1139,144,77
2025-09-20,9595,904,363,7968,717,290,1080,113,81
2025-09-27,7868,1024,452,7051,702,293,980,106,84
2025-10-04,6423,976,545,6013,746,340,851,105,98
2025-10-11,5245,1018,615,5217,722,347,714,113,100
2025-10-18,4342,1122,736,4500,770,440,636,123,100
2025-10-25,3650,1198,838,3808,795,509,535,124,104
2025-11-01,3427,1358,1050,3408,868,551,486,137,114
2025-11-08,3329,1786,1265,3129,1118,684,458,178,149
2025-11-15,3415,2484,1560,3008,1340,829,443,195,170
2025-11-22,3483,3581,1851,3135,1989,986,417,279,226
2025-11-29,3587,5221,2373,3028,2679,1197,423,408,269
2025-12-06,4286,7450,2922,3516,4212,1573,516,613,324
2025-12-13,4707,11137,3542,3769,6141,2064,523,860,426
2025-12-20,5886,21057,4293,4394,10475,2449,626,1400,495
2025-12-27,7851,37505,5402,5266,17938,2906,765,2426,610
2026-01-03,9752,42505,6605,7298,27265,3915,962,3861,757
2026-01-10,8991,29912,6281,7502,24105,4452,1026,3632,829
2026-01-17,7734,19735,6203,7094,16850,4385,1012,2703,805
2026-01-24,6960,16819,6308,6389,13412,4455,955,2151,820
2026-01-31,6593,15742,6399,5915,12121,4555,875,1884,903
2026-02-07,6398,16128,6919,5662,11730,4844,838,1848,983
2026-02-14,6483,16473,7567,5624,11529,5198,829,1854,1028
2026-02-21,6330,14738,8239,5540,10676,5723,818,1863,1074
2026-02-28,5700,11179,7801,5095,8592,5597,784,1517,1029
2026-03-07,4997,9603,7443,4626,7054,5469,684,1209,1017
2026-03-14,4324,7802,7295,4215,6064,5443,643,1016,987
2026-03-21,3968,6094,6593,3732,4562,5054,584,785,908
2026-03-28,2275,3339,3891,3248,3696,4505,521,653,818
2026-04-04,1975,2912,3187,2797,3101,3918,451,554,781
2026-04-11,1743,2242,2884,2540,2595,3403,395,465,665
2026-04-18,1711,1949,2479,2314,2074,3045,339,362,579
2026-04-25,1765,1884,2610,1859,1760,2339,266,309,478
2026-05-02,1613,1650,2063,1705,1495,1917,261,266,367
2026-05-09,1446,1483,1617,1516,1293,1555,229,218,309
2026-05-16,1347,1319,1317,1324,1133,1310,222,207,256
2026-05-23,1260,1260,1115,1291,1106,1074,203,166,200
2026-05-30,1084,1072,938,1194,984,955,172,179,191
2026-06-06,1019,1045,805,1058,904,793,162,152,162
2026-06-13,984,871,648,1040,798,661,160,128,120
2026-06-20,883,794,495,958,734,582,137,119,116
2026-06-27,915,751,389,938,719,463,122,120,88
2026-07-04,1000,734,398,935,670,431,124,114,92
2026-07-11,1149,751,337,981,672,404,137,108,77
2026-07-18,1316,666,331,1095,686,380,146,100,65
2026-07-25,1558,696,381,1187,617,355,164,111,79
2026-08-01,1823,657,316,1395,640,370,165,81,74
2026-08-08,2085,632,315,1590,635,350,207,82,73
2026-08-15,2394,695,329,1755,639,332,234,78,57
2026-08-22,2869,874,349,2037,684,308,245,86,53
2026-08-29,3650,919,327,2527,741,299,323,109,49
2026-09-05,4017,1241,298,2875,849,304,368,125,52
2026-09-12,4287,1537,327,3288,1106,330,419,145,62
2026-09-19,4538,2044,410,3515,1389,325,424,193,58
2026-09-26,4445,2572,453,3590,1581,265,444,246,61
